id,approach,vType,depart,duration,routeLength,waitingTime,timeLoss,departDelay
from_south_motorcycle.19.1,south,motorcycle,24.0,87.0,990.22,0.0,17.51,0.0
from_south_pickup.21.0,south,pickup,5.0,146.0,1322.87,0.0,16.15,5.0
from_north_bus.16.0,north,bus,0.0,167.0,3026.77,0.0,10.69,0.0
from_north_passenger.12.0,north,passenger,0.0,169.0,4475.01,0.0,11.53,0.0
from_south_motorcycle.19.0,south,motorcycle,1.0,169.0,3035.07,0.0,20.59,1.0
from_south_taxi.20.0,south,taxi,7.0,164.0,3032.57,0.0,27.43,7.0
from_north_motorcycle.13.0,north,motorcycle,1.0,171.0,3036.77,1.0,33.77,1.0
from_south_truck_light.23.0,south,truck_light,10.0,177.0,3030.07,0.0,24.36,10.0
from_north_taxi.14.0,north,taxi,1.0,187.0,4475.01,0.0,14.82,1.0
from_west_passenger.0.0,west,passenger,2.0,196.0,4844.21,0.0,8.43,2.0
from_south_passenger.18.5,south,passenger,66.0,137.0,1323.37,0.0,14.67,0.55
from_north_motorcycle.13.2,north,motorcycle,48.0,158.0,4477.51,0.0,12.61,0.0
from_west_truck_light.5.0,west,truck_light,7.0,214.0,4841.71,0.0,22.0,7.0
from_west_taxi.2.0,west,taxi,4.0,221.0,4844.21,0.0,9.85,4.0
from_west_motorcycle.1.2,west,motorcycle,30.0,196.0,4846.71,0.0,11.9,0.0
from_west_motorcycle.1.0,west,motorcycle,0.0,227.0,4846.71,0.0,13.62,0.0
from_west_motorcycle.1.1,west,motorcycle,15.0,213.0,4846.71,0.0,16.97,0.0
from_west_bus.4.0,west,bus,0.0,230.0,4836.71,0.0,15.41,0.0
from_west_passenger.0.3,west,passenger,25.0,205.0,4844.21,0.0,8.15,0.46
from_south_motorcycle.19.3,south,motorcycle,72.0,164.0,1325.87,0.0,28.2,0.0
from_west_pickup.3.0,west,pickup,4.0,233.0,4843.71,0.0,8.02,4.0
from_west_passenger.0.4,west,passenger,33.0,206.0,4844.21,0.0,7.42,0.28
from_north_passenger.12.5,north,passenger,66.0,177.0,4767.34,0.0,31.65,0.55
from_north_pickup.15.0,north,pickup,4.0,249.0,5481.73,0.0,18.18,4.0
from_north_passenger.12.7,north,passenger,92.0,162.0,4475.01,0.0,29.39,0.37
from_south_passenger.18.7,south,passenger,92.0,164.0,1323.37,0.0,18.83,0.37
from_south_passenger.18.8,south,passenger,105.0,153.0,1323.37,0.0,19.25,0.28
from_south_passenger.18.10,south,passenger,131.0,128.0,1323.37,0.0,25.93,0.1
from_west_passenger.0.2,west,passenger,17.0,243.0,4844.21,0.0,10.03,0.64
from_west_passenger.0.1,west,passenger,9.0,252.0,4844.21,0.0,9.98,0.82
from_north_motorcycle.13.3,north,motorcycle,72.0,189.0,4477.51,0.0,15.71,0.0
from_south_taxi.20.1,south,taxi,90.0,171.0,3032.57,0.0,19.78,0.0
from_west_passenger.0.6,west,passenger,50.0,212.0,4844.21,0.0,7.81,0.91
from_west_taxi.2.1,west,taxi,57.0,207.0,4844.21,0.0,9.07,0.75
from_north_passenger.12.6,north,passenger,79.0,185.0,4475.01,0.0,13.58,0.46
from_west_passenger.0.9,west,passenger,74.0,191.0,4844.21,0.0,7.76,0.37
from_west_passenger.0.7,west,passenger,58.0,208.0,4844.21,0.0,7.72,0.73
from_north_passenger.12.1,north,passenger,14.0,254.0,5510.66,0.0,18.63,0.91
from_north_taxi.14.1,north,taxi,90.0,178.0,4475.01,0.0,13.63,0.0
from_west_motorcycle.1.4,west,motorcycle,60.0,210.0,4846.71,0.0,12.1,0.0
from_west_passenger.0.5,west,passenger,41.0,231.0,4844.21,0.0,9.17,0.09
from_north_motorcycle.13.4,north,motorcycle,96.0,177.0,4477.51,0.0,16.07,0.0
from_north_truck_light.17.0,north,truck_light,6.0,272.0,5479.73,0.0,5.9,6.0
from_south_passenger.18.1,south,passenger,14.0,265.0,5084.15,0.0,33.39,0.91
from_west_motorcycle.1.5,west,motorcycle,75.0,206.0,4846.71,0.0,13.61,0.0
from_south_bus.22.0,south,bus,0.0,286.0,5076.65,0.0,26.92,0.0
from_south_passenger.18.2,south,passenger,27.0,259.0,4093.79,1.0,27.76,0.82
from_north_motorcycle.13.5,north,motorcycle,120.0,166.0,4477.51,0.0,14.9,0.0
from_north_motorcycle.13.1,north,motorcycle,24.0,265.0,5484.73,0.0,18.8,0.0
from_south_passenger.18.0,south,passenger,3.0,289.0,5084.15,0.0,28.21,3.0
from_north_passenger.12.10,north,passenger,131.0,161.0,4475.01,0.0,11.57,0.1
from_west_passenger.0.10,west,passenger,82.0,212.0,4844.21,0.0,7.48,0.19
from_south_motorcycle.19.5,south,motorcycle,120.0,175.0,3035.07,1.0,39.24,0.0
from_north_passenger.12.3,north,passenger,40.0,261.0,5482.23,0.0,27.97,0.73
from_west_passenger.0.12,west,passenger,99.0,209.0,4844.21,0.0,10.2,0.83
from_west_passenger.0.13,west,passenger,107.0,202.0,4844.21,0.0,10.86,0.65
from_west_passenger.0.11,west,passenger,90.0,220.0,4844.21,0.0,8.02,0.01
from_south_passenger.18.9,south,passenger,118.0,192.0,3032.57,0.0,23.86,0.19
from_east_truck_light.11.0,east,truck_light,8.0,303.0,6643.44,0.0,13.47,8.0
from_west_motorcycle.1.7,west,motorcycle,105.0,206.0,4846.71,0.0,12.42,0.0
from_north_passenger.12.11,north,passenger,144.0,173.0,4475.01,0.0,10.82,0.01
from_west_passenger.0.8,west,passenger,66.0,254.0,4844.21,0.0,11.43,0.55
from_west_motorcycle.1.6,west,motorcycle,91.0,230.0,4846.71,0.0,14.74,1.0
from_south_pickup.21.1,south,pickup,180.0,142.0,1322.87,0.0,27.41,0.0
from_west_motorcycle.1.3,west,motorcycle,45.0,278.0,4846.71,0.0,22.36,0.0
from_south_passenger.18.4,south,passenger,53.0,273.0,5084.15,0.0,23.9,0.64
from_west_pickup.3.1,west,pickup,113.0,213.0,4843.71,0.0,6.35,0.5
from_south_taxi.20.2,south,taxi,181.0,148.0,1323.37,3.0,33.56,1.0
from_north_passenger.12.4,north,passenger,53.0,277.0,5482.23,0.0,11.19,0.64
from_north_passenger.12.12,north,passenger,158.0,172.0,4475.01,0.0,27.13,0.92
from_north_passenger.12.13,north,passenger,171.0,160.0,3034.27,0.0,21.29,0.83
from_west_taxi.2.2,west,taxi,115.0,219.0,4844.21,0.0,9.79,2.5
from_south_passenger.18.14,south,passenger,184.0,153.0,1617.4,0.0,48.11,0.74
from_north_passenger.12.2,north,passenger,27.0,312.0,5482.23,0.0,13.57,0.82
from_south_motorcycle.19.2,south,motorcycle,48.0,291.0,5086.65,0.0,28.16,0.0
from_south_passenger.18.3,south,passenger,40.0,302.0,5084.15,0.0,18.97,0.73
from_north_motorcycle.13.7,north,motorcycle,168.0,174.0,4477.51,0.0,14.85,0.0
from_east_pickup.9.0,east,pickup,0.0,343.0,7721.72,0.0,10.34,0.0
from_west_passenger.0.14,west,passenger,117.0,226.0,4844.21,0.0,8.41,2.47
from_north_motorcycle.13.6,north,motorcycle,145.0,205.0,4477.51,0.0,18.27,1.0
from_east_passenger.6.10,east,passenger,82.0,273.0,6667.66,0.0,16.95,0.19
from_south_passenger.18.6,south,passenger,79.0,277.0,5084.15,0.0,29.59,0.46
from_west_passenger.0.15,west,passenger,123.0,234.0,4844.21,0.0,9.13,0.28
from_north_taxi.14.2,north,taxi,180.0,179.0,4475.01,0.0,14.0,0.0
from_north_passenger.12.15,north,passenger,197.0,168.0,4475.01,0.0,10.75,0.65
from_west_passenger.0.16,west,passenger,131.0,236.0,4844.21,0.0,9.48,0.1
from_west_motorcycle.1.10,west,motorcycle,150.0,218.0,4846.71,0.0,12.3,0.0
from_north_passenger.12.17,north,passenger,223.0,145.0,4475.01,0.0,11.9,0.47
from_west_passenger.0.17,west,passenger,140.0,230.0,4844.21,0.0,8.42,0.92
from_south_passenger.18.17,south,passenger,223.0,147.0,1323.37,1.0,16.95,0.47
from_west_passenger.0.19,west,passenger,156.0,215.0,4844.21,0.0,8.09,0.56
from_north_passenger.12.14,north,passenger,184.0,192.0,4767.34,0.0,24.09,0.74
from_east_passenger.6.7,east,passenger,58.0,322.0,6667.66,0.0,13.84,0.73
from_west_taxi.2.3,west,taxi,169.0,213.0,4844.21,0.0,10.5,0.25
from_east_passenger.6.4,east,passenger,33.0,351.0,7721.87,0.0,12.75,0.28
from_south_motorcycle.19.7,south,motorcycle,168.0,216.0,3035.07,0.0,30.05,0.0
from_east_passenger.6.1,east,passenger,10.0,378.0,8738.8,0.0,18.76,1.82
from_west_motorcycle.1.11,west,motorcycle,165.0,223.0,4846.71,0.0,14.5,0.0
from_north_passenger.12.9,north,passenger,118.0,271.0,5482.23,0.0,10.66,0.19
from_west_motorcycle.1.9,west,motorcycle,135.0,254.0,4846.71,0.0,17.27,0.0
from_north_passenger.12.16,north,passenger,210.0,179.0,3034.27,0.0,17.17,0.56
from_west_passenger.0.21,west,passenger,172.0,218.0,4844.21,0.0,12.32,0.2
from_west_passenger.0.23,west,passenger,189.0,201.0,4844.21,0.0,7.38,0.84
from_east_bus.10.0,east,bus,0.0,391.0,7721.38,1.0,25.85,0.0
from_east_passenger.6.0,east,passenger,3.0,391.0,8738.8,0.0,23.61,3.0
from_east_motorcycle.7.2,east,motorcycle,30.0,365.0,8741.3,0.0,23.37,0.0
from_west_passenger.0.18,west,passenger,148.0,248.0,4844.21,0.0,9.19,0.74
from_west_passenger.0.25,west,passenger,205.0,195.0,4844.21,0.0,16.25,0.47
from_east_pickup.9.1,east,pickup,113.0,288.0,6645.44,0.0,16.3,0.5
from_east_motorcycle.7.4,east,motorcycle,60.0,345.0,7724.72,0.0,18.68,0.0
from_east_taxi.8.0,east,taxi,5.0,403.0,7722.22,0.0,20.69,5.0
from_north_motorcycle.13.10,north,motorcycle,240.0,169.0,4477.51,0.0,14.64,0.0
from_west_motorcycle.1.13,west,motorcycle,195.0,215.0,4846.71,0.0,12.72,0.0
from_north_passenger.12.19,north,passenger,249.0,163.0,4475.01,0.0,10.65,0.29
from_west_passenger.0.24,west,passenger,197.0,218.0,4844.21,0.0,11.06,0.66
from_south_motorcycle.19.6,south,motorcycle,145.0,271.0,5086.65,0.0,28.88,1.0
from_east_passenger.6.2,east,passenger,17.0,400.0,7722.22,0.0,17.32,0.64
from_east_passenger.6.3,east,passenger,25.0,397.0,7722.22,0.0,15.7,0.46
from_south_passenger.18.11,south,passenger,144.0,279.0,5084.15,0.0,21.95,0.01
from_west_passenger.0.27,west,passenger,221.0,203.0,4844.21,0.0,11.65,0.11
from_west_motorcycle.1.12,west,motorcycle,180.0,246.0,4846.71,0.0,17.27,0.0
from_south_passenger.18.23,south,passenger,302.0,124.0,1323.37,0.0,15.28,0.93
from_west_motorcycle.1.15,west,motorcycle,225.0,202.0,4846.71,0.0,25.23,0.0
from_east_motorcycle.7.5,east,motorcycle,75.0,358.0,7724.72,0.0,25.68,0.0
from_west_motorcycle.1.8,west,motorcycle,120.0,314.0,4846.71,0.0,26.91,0.0
from_north_passenger.12.21,north,passenger,275.0,160.0,4475.01,0.0,12.43,0.11
from_south_motorcycle.19.4,south,motorcycle,96.0,340.0,5086.65,0.0,36.42,0.0
from_east_passenger.6.17,east,passenger,140.0,298.0,6667.66,0.0,17.08,0.92
from_west_pickup.3.2,west,pickup,227.0,211.0,4843.71,0.0,10.59,2.0
from_north_passenger.12.8,north,passenger,105.0,338.0,6818.92,0.0,27.62,0.28
from_west_truck_light.5.1,west,truck_light,231.0,212.0,4841.71,0.0,7.87,6.0
from_east_motorcycle.7.0,east,motorcycle,1.0,445.0,8741.3,0.0,30.01,1.0
from_east_passenger.6.20,east,passenger,164.0,284.0,6645.94,0.0,21.09,0.38
from_west_passenger.0.26,west,passenger,213.0,235.0,4844.21,0.0,11.37,0.29
from_west_passenger.0.20,west,passenger,164.0,285.0,4844.21,0.0,13.17,0.38
from_north_motorcycle.13.8,north,motorcycle,192.0,258.0,5513.16,0.0,22.62,0.0
from_west_motorcycle.1.14,west,motorcycle,210.0,241.0,4846.71,0.0,18.0,0.0
from_west_passenger.0.29,west,passenger,238.0,213.0,4844.21,0.0,15.74,0.75
from_east_motorcycle.7.1,east,motorcycle,15.0,437.0,8741.3,0.0,31.36,0.0
from_east_passenger.6.16,east,passenger,131.0,322.0,6645.94,0.0,19.57,0.1
from_north_motorcycle.13.9,north,motorcycle,216.0,237.0,5513.16,0.0,19.3,0.0
from_west_taxi.2.4,west,taxi,228.0,225.0,4844.21,0.0,14.29,3.0
from_west_passenger.0.31,west,passenger,254.0,199.0,4844.21,0.0,8.86,0.39
from_north_passenger.12.22,north,passenger,288.0,166.0,3034.27,0.0,15.26,0.02
from_east_passenger.6.15,east,passenger,123.0,332.0,6645.94,0.0,20.31,0.28
from_south_passenger.18.19,south,passenger,249.0,207.0,3032.57,0.0,21.4,0.29
from_north_pickup.15.1,north,pickup,180.0,277.0,5510.16,0.0,19.72,0.0
from_west_motorcycle.1.16,west,motorcycle,240.0,218.0,4846.71,0.0,15.47,0.0
from_south_passenger.18.12,south,passenger,158.0,301.0,5084.15,0.0,18.94,0.92
from_east_passenger.6.14,east,passenger,115.0,346.0,7721.87,0.0,12.14,0.47
from_west_passenger.0.32,west,passenger,262.0,199.0,4844.21,0.0,7.29,0.21
from_north_passenger.12.18,north,passenger,236.0,228.0,5510.66,0.0,18.35,0.38
from_north_motorcycle.13.12,north,motorcycle,288.0,177.0,4477.51,0.0,14.67,0.0
from_east_taxi.8.1,east,taxi,57.0,410.0,8738.8,0.0,20.34,0.75
from_west_passenger.0.28,west,passenger,232.0,237.0,4844.21,0.0,10.32,2.93
from_south_motorcycle.19.12,south,motorcycle,289.0,180.0,3035.07,0.0,23.84,1.0
from_south_motorcycle.19.15,south,motorcycle,360.0,109.0,990.22,0.0,23.42,0.0
from_east_motorcycle.7.6,east,motorcycle,91.0,379.0,7724.72,0.0,26.58,1.0
from_east_motorcycle.7.8,east,motorcycle,120.0,351.0,7724.72,0.0,25.87,0.0
from_west_passenger.0.22,west,passenger,180.0,291.0,4844.21,0.0,12.83,0.02
from_west_passenger.0.33,west,passenger,270.0,201.0,4844.21,0.0,8.61,0.03
from_east_passenger.6.8,east,passenger,66.0,406.0,9037.14,0.0,48.45,0.55
from_south_passenger.18.13,south,passenger,171.0,301.0,5084.15,0.0,43.0,0.83
from_south_passenger.18.16,south,passenger,210.0,263.0,5084.15,0.0,61.58,0.56
from_south_passenger.18.25,south,passenger,328.0,145.0,1323.37,0.0,16.28,0.75
from_east_motorcycle.7.14,east,motorcycle,210.0,264.0,5254.99,0.0,38.9,0.0
from_south_motorcycle.19.13,south,motorcycle,312.0,162.0,1619.9,0.0,28.97,0.0
from_west_passenger.0.30,west,passenger,246.0,231.0,4844.21,0.0,9.17,0.57
from_west_motorcycle.1.17,west,motorcycle,255.0,223.0,4846.71,0.0,14.28,0.0
from_east_passenger.6.5,east,passenger,41.0,438.0,7722.22,0.0,19.32,0.09
from_west_motorcycle.1.18,west,motorcycle,271.0,208.0,4846.71,0.0,11.85,1.0
from_north_motorcycle.13.13,north,motorcycle,312.0,170.0,4477.51,0.0,13.95,0.0
from_east_passenger.6.25,east,passenger,205.0,279.0,6645.94,0.0,17.18,0.47
from_south_motorcycle.19.9,south,motorcycle,216.0,270.0,5086.65,0.0,29.11,0.0
from_west_taxi.2.5,west,taxi,282.0,205.0,4844.21,0.0,9.32,0.75
from_east_passenger.6.11,east,passenger,90.0,398.0,8738.8,0.0,34.56,0.01
from_south_motorcycle.19.14,south,motorcycle,336.0,152.0,3035.07,0.0,20.38,0.0
from_west_passenger.0.34,west,passenger,279.0,212.0,4844.21,0.0,12.0,0.85
from_north_passenger.12.24,north,passenger,315.0,176.0,4475.01,0.0,11.82,0.84
from_west_passenger.0.35,west,passenger,287.0,205.0,4844.21,0.0,9.49,0.66
from_east_passenger.6.13,east,passenger,107.0,387.0,7728.88,0.0,30.97,0.65
from_east_motorcycle.7.3,east,motorcycle,45.0,451.0,8741.3,0.0,30.38,0.0
from_east_motorcycle.7.11,east,motorcycle,165.0,331.0,7724.37,0.0,22.89,0.0
from_west_passenger.0.36,west,passenger,295.0,201.0,4844.21,0.0,6.64,0.48
from_south_passenger.18.15,south,passenger,197.0,302.0,5084.15,0.0,27.47,0.65
from_east_passenger.6.19,east,passenger,156.0,345.0,6645.94,0.0,17.32,0.56
from_east_passenger.6.21,east,passenger,172.0,334.0,6645.94,0.0,16.51,0.2
from_north_motorcycle.13.11,north,motorcycle,264.0,242.0,5484.73,0.0,14.05,0.0
from_south_taxi.20.4,south,taxi,365.0,143.0,1323.37,1.0,30.06,5.0
from_east_motorcycle.7.7,east,motorcycle,105.0,405.0,8741.3,0.0,34.51,0.0
from_south_motorcycle.19.8,south,motorcycle,192.0,318.0,5086.65,0.0,31.79,0.0
from_west_passenger.0.37,west,passenger,303.0,208.0,4844.21,0.0,13.6,0.3
from_north_motorcycle.13.14,north,motorcycle,336.0,177.0,4477.51,0.0,23.68,0.0
from_north_taxi.14.4,north,taxi,360.0,154.0,3034.27,0.0,13.86,0.0
from_south_passenger.18.33,south,passenger,432.0,84.0,987.72,0.0,12.9,0.03
from_east_taxi.8.2,east,taxi,114.0,405.0,7722.22,0.0,20.6,1.5
from_west_passenger.0.39,west,passenger,320.0,202.0,4844.21,0.0,12.77,0.94
from_north_passenger.12.25,north,passenger,328.0,198.0,4475.01,0.0,13.78,0.75
from_north_pickup.15.2,north,pickup,362.0,165.0,4474.51,0.0,29.66,2.0
from_west_passenger.0.38,west,passenger,311.0,220.0,4844.21,0.0,16.15,0.12
from_east_pickup.9.2,east,pickup,228.0,304.0,6667.16,0.0,12.14,3.0
from_east_passenger.6.6,east,passenger,50.0,485.0,8738.8,0.0,20.4,0.91
from_south_passenger.18.27,south,passenger,354.0,181.0,3032.57,0.0,19.12,0.57
from_north_motorcycle.13.15,north,motorcycle,360.0,175.0,4477.51,0.0,15.02,0.0
from_north_passenger.12.28,north,passenger,367.0,170.0,4475.01,0.0,12.04,0.48
from_south_passenger.18.31,south,passenger,406.0,133.0,1323.37,0.0,21.82,0.21
from_south_passenger.18.21,south,passenger,275.0,266.0,4093.79,1.0,32.65,0.11
from_east_passenger.6.24,east,passenger,197.0,345.0,7722.22,0.0,16.06,0.66
from_south_passenger.18.18,south,passenger,236.0,306.0,4093.79,0.0,26.36,0.38
from_west_motorcycle.1.22,west,motorcycle,330.0,212.0,4846.71,0.0,11.66,0.0
from_east_passenger.6.9,east,passenger,74.0,469.0,8738.8,0.0,20.02,0.37
from_north_passenger.12.20,north,passenger,262.0,282.0,5510.66,0.0,19.29,0.2
from_north_taxi.14.3,north,taxi,270.0,277.0,5482.23,0.0,17.13,0.0
from_north_passenger.12.30,north,passenger,393.0,154.0,3034.27,0.0,25.27,0.3
from_south_motorcycle.19.11,south,motorcycle,264.0,284.0,5086.65,0.0,35.72,0.0
from_west_motorcycle.1.20,west,motorcycle,300.0,248.0,4846.71,0.0,18.0,0.0
from_south_passenger.18.22,south,passenger,288.0,261.0,4093.79,0.0,24.31,0.02
from_north_passenger.12.32,north,passenger,419.0,130.0,3034.27,0.0,20.5,0.12
from_south_motorcycle.19.16,south,motorcycle,384.0,166.0,1325.87,0.0,24.93,0.0
from_south_taxi.20.3,south,taxi,270.0,281.0,5084.15,0.0,36.95,0.0
from_east_passenger.6.22,east,passenger,180.0,372.0,8738.8,0.0,33.21,0.02
from_west_motorcycle.1.21,west,motorcycle,315.0,237.0,4846.71,0.0,16.18,0.0
from_south_passenger.18.20,south,passenger,262.0,291.0,5084.15,0.0,35.27,0.2
from_west_passenger.0.40,west,passenger,328.0,226.0,4844.21,0.0,12.12,0.76
from_north_passenger.12.23,north,passenger,302.0,253.0,5482.23,0.0,9.75,0.93
from_west_passenger.0.42,west,passenger,344.0,211.0,4844.21,0.0,10.8,0.4
from_west_pickup.3.3,west,pickup,338.0,221.0,4843.71,0.0,8.12,0.5
from_east_truck_light.11.1,east,truck_light,230.0,332.0,6643.44,0.0,12.01,5.0
from_north_taxi.14.5,north,taxi,450.0,112.0,2565.92,0.0,12.3,0.0
from_east_passenger.6.32,east,passenger,262.0,301.0,6645.94,0.0,17.35,0.21
from_east_motorcycle.7.9,east,motorcycle,135.0,430.0,8741.3,0.0,28.46,0.0
from_west_motorcycle.1.19,west,motorcycle,285.0,280.0,4846.71,0.0,20.42,0.0
from_east_passenger.6.27,east,passenger,221.0,348.0,7722.22,0.0,12.77,0.11
from_north_motorcycle.13.16,north,motorcycle,384.0,187.0,4477.51,0.0,14.28,0.0
from_west_motorcycle.1.23,west,motorcycle,345.0,234.0,4846.71,0.0,15.07,0.0
from_west_passenger.0.44,west,passenger,360.0,219.0,4844.21,0.0,10.55,0.04
from_west_passenger.0.43,west,passenger,352.0,228.0,4844.21,0.0,8.92,0.22
from_west_passenger.0.45,west,passenger,369.0,212.0,4844.21,0.0,11.38,0.85
from_south_motorcycle.19.10,south,motorcycle,240.0,343.0,4096.29,0.0,46.06,0.0
from_west_taxi.2.6,west,taxi,338.0,245.0,4844.21,0.0,15.92,0.5
from_east_passenger.6.31,east,passenger,254.0,330.0,6645.94,0.0,15.47,0.39
from_south_passenger.18.24,south,passenger,315.0,274.0,5084.15,0.0,44.14,0.84
from_south_passenger.18.26,south,passenger,341.0,248.0,4093.79,0.0,21.99,0.66
from_east_passenger.6.12,east,passenger,99.0,492.0,7722.22,0.0,23.51,0.83
from_west_passenger.0.47,west,passenger,385.0,206.0,4844.21,0.0,9.77,0.49
from_south_motorcycle.19.17,south,motorcycle,408.0,183.0,3035.07,0.0,23.25,0.0
from_west_passenger.0.41,west,passenger,336.0,256.0,4844.21,0.0,10.57,0.58
from_south_motorcycle.19.18,south,motorcycle,433.0,160.0,1619.9,0.0,27.75,1.0
from_east_passenger.6.38,east,passenger,311.0,283.0,6645.94,0.0,13.46,0.12
from_north_motorcycle.13.18,north,motorcycle,433.0,162.0,4477.51,0.0,33.8,1.0
from_west_motorcycle.1.25,west,motorcycle,375.0,222.0,4846.71,0.0,16.79,0.0
from_south_motorcycle.19.21,south,motorcycle,504.0,94.0,990.22,0.0,22.45,0.0
from_east_motorcycle.7.10,east,motorcycle,150.0,449.0,8741.3,0.0,30.77,0.0
from_north_motorcycle.13.17,north,motorcycle,408.0,192.0,4769.84,0.0,23.82,0.0
from_north_passenger.12.33,north,passenger,432.0,169.0,4475.01,0.0,11.75,0.03
from_east_passenger.6.23,east,passenger,189.0,413.0,8738.8,0.0,27.54,0.84
from_south_motorcycle.19.19,south,motorcycle,456.0,146.0,1325.87,0.0,22.7,0.0
from_west_taxi.2.7,west,taxi,394.0,209.0,4844.21,0.0,12.64,0.25
from_east_motorcycle.7.12,east,motorcycle,181.0,423.0,7724.72,0.0,30.81,1.0
from_south_passenger.18.35,south,passenger,459.0,145.0,1323.37,1.0,39.14,0.85
from_east_taxi.8.3,east,taxi,169.0,436.0,8738.8,0.0,23.2,0.25
from_south_passenger.18.36,south,passenger,472.0,133.0,1323.37,2.0,22.25,0.76
from_west_motorcycle.1.27,west,motorcycle,405.0,201.0,4846.71,0.0,15.85,0.0
from_south_taxi.20.5,south,taxi,450.0,157.0,1617.4,0.0,27.22,0.0
from_east_passenger.6.18,east,passenger,148.0,462.0,8738.8,0.0,19.18,0.74
from_west_passenger.0.48,west,passenger,393.0,217.0,4844.21,0.0,8.81,0.31
from_east_passenger.6.29,east,passenger,238.0,374.0,7722.22,0.0,18.39,0.75
from_north_passenger.12.26,north,passenger,341.0,273.0,5510.66,0.0,15.16,0.66
from_west_passenger.0.50,west,passenger,410.0,204.0,4844.21,0.0,7.54,0.95
from_west_passenger.0.46,west,passenger,377.0,239.0,4844.21,0.0,9.3,0.67
from_east_pickup.9.3,east,pickup,338.0,280.0,6645.44,0.0,22.5,0.5
from_west_passenger.0.51,west,passenger,418.0,201.0,4844.21,0.0,6.92,0.77
from_north_passenger.12.39,north,passenger,511.0,109.0,2565.92,0.0,11.29,0.49
from_north_passenger.12.34,north,passenger,446.0,175.0,4475.01,0.0,12.11,0.94
from_east_motorcycle.7.13,east,motorcycle,195.0,431.0,7724.72,0.0,31.03,0.0
from_east_taxi.8.6,east,taxi,339.0,287.0,6645.94,0.0,16.34,1.5
from_east_passenger.6.37,east,passenger,303.0,324.0,7721.87,0.0,29.0,0.3
from_west_passenger.0.49,west,passenger,401.0,226.0,4844.21,0.0,9.52,0.13
from_north_truck_light.17.1,north,truck_light,362.0,266.0,5508.16,0.0,28.22,2.0
from_south_motorcycle.19.20,south,motorcycle,480.0,148.0,1325.87,0.0,23.34,0.0
from_north_motorcycle.13.19,north,motorcycle,456.0,175.0,4477.51,0.0,15.4,0.0
from_east_passenger.6.33,east,passenger,270.0,362.0,7722.22,0.0,16.53,0.03
from_west_motorcycle.1.26,west,motorcycle,390.0,244.0,4846.71,0.0,16.5,0.0
from_east_taxi.8.4,east,taxi,225.0,410.0,7722.22,0.0,21.61,0.0
from_east_motorcycle.7.17,east,motorcycle,255.0,386.0,7724.72,0.0,33.04,0.0
from_east_passenger.6.28,east,passenger,232.0,411.0,8738.8,0.0,16.74,2.93
from_west_motorcycle.1.24,west,motorcycle,360.0,284.0,4846.71,0.0,22.24,0.0
from_south_passenger.18.29,south,passenger,380.0,265.0,5084.15,0.0,33.89,0.39
from_west_motorcycle.1.29,west,motorcycle,435.0,212.0,4846.71,0.0,13.74,0.0
from_north_passenger.12.27,north,passenger,354.0,294.0,5482.23,0.0,12.21,0.57
from_west_passenger.0.52,west,passenger,426.0,222.0,4844.21,0.0,8.19,0.59
from_south_truck_light.23.1,south,truck_light,368.0,282.0,5081.65,0.0,31.94,8.0
from_west_motorcycle.1.28,west,motorcycle,420.0,231.0,4846.71,0.0,16.53,0.0
from_west_passenger.0.55,west,passenger,450.0,201.0,4844.21,0.0,8.92,0.04
from_south_pickup.21.2,south,pickup,363.0,290.0,5083.65,0.0,31.95,3.0
from_north_passenger.12.36,north,passenger,472.0,183.0,4475.01,0.0,12.67,0.76
from_east_taxi.8.5,east,taxi,282.0,375.0,7722.22,0.0,18.63,0.75
from_west_passenger.0.54,west,passenger,442.0,215.0,4844.21,0.0,8.43,0.23
from_east_passenger.6.26,east,passenger,213.0,447.0,7722.22,0.0,18.86,0.29
from_east_passenger.6.36,east,passenger,295.0,365.0,7722.22,0.0,14.75,0.48
from_north_passenger.12.29,north,passenger,380.0,283.0,5510.66,0.0,15.34,0.39
from_south_passenger.18.28,south,passenger,370.0,297.0,5084.15,0.0,31.98,3.48
from_west_passenger.0.56,west,passenger,459.0,208.0,4844.21,0.0,10.17,0.86
from_west_bus.4.1,west,bus,452.0,217.0,4836.71,0.0,3.03,2.0
from_north_passenger.12.31,north,passenger,406.0,266.0,5482.23,0.0,10.51,0.21
from_east_motorcycle.7.19,east,motorcycle,285.0,388.0,7724.72,0.0,27.68,0.0
from_east_passenger.6.40,east,passenger,328.0,347.0,7722.22,0.0,23.17,0.76
from_west_truck_light.5.2,west,truck_light,455.0,220.0,4841.71,0.0,6.99,5.0
from_east_motorcycle.7.15,east,motorcycle,225.0,451.0,7724.72,0.0,34.01,0.0
from_west_pickup.3.4,west,pickup,454.0,222.0,4843.71,0.0,15.13,4.0
from_west_passenger.0.57,west,passenger,467.0,210.0,4844.21,0.0,8.86,0.68
from_north_passenger.12.38,north,passenger,498.0,180.0,4475.01,0.0,13.04,0.58
from_east_passenger.6.50,east,passenger,410.0,273.0,6645.94,0.0,15.23,0.95
from_south_taxi.20.6,south,taxi,542.0,145.0,1323.37,0.0,19.71,2.0
from_south_motorcycle.19.23,south,motorcycle,552.0,136.0,1325.87,0.0,31.24,0.0
from_east_motorcycle.7.25,east,motorcycle,375.0,314.0,6648.44,0.0,21.54,0.0
from_east_passenger.6.34,east,passenger,279.0,411.0,8738.8,0.0,18.54,0.85
from_west_taxi.2.8,west,taxi,455.0,235.0,4844.21,0.0,14.66,5.0
from_north_passenger.12.40,north,passenger,524.0,166.0,4475.01,0.0,12.35,0.4
from_west_motorcycle.1.32,west,motorcycle,480.0,211.0,4846.71,0.0,15.12,0.0
from_south_passenger.18.32,south,passenger,419.0,274.0,5084.15,0.0,41.35,0.12
from_west_passenger.0.60,west,passenger,491.0,203.0,4844.21,0.0,12.67,0.14
from_west_passenger.0.53,west,passenger,434.0,262.0,4844.21,0.0,11.1,0.41
from_west_passenger.0.59,west,passenger,483.0,213.0,4844.21,0.0,10.9,0.32
from_west_motorcycle.1.30,west,motorcycle,452.0,245.0,4846.71,0.0,17.88,2.0
from_east_motorcycle.7.16,east,motorcycle,240.0,459.0,8741.3,0.0,34.97,0.0
from_east_passenger.6.35,east,passenger,287.0,413.0,7722.22,0.0,18.3,0.66
from_west_passenger.0.58,west,passenger,475.0,225.0,4844.21,0.0,11.95,0.5
from_east_passenger.6.39,east,passenger,320.0,384.0,7722.22,0.0,14.9,0.94
from_west_passenger.0.62,west,passenger,509.0,195.0,4844.21,0.0,8.29,1.78
from_east_passenger.6.41,east,passenger,336.0,369.0,7722.22,0.0,16.46,0.58
from_east_passenger.6.30,east,passenger,246.0,461.0,8738.8,0.0,18.52,0.57
from_west_motorcycle.1.33,west,motorcycle,495.0,215.0,4846.71,0.0,12.75,0.0
from_east_motorcycle.7.22,east,motorcycle,330.0,381.0,7724.72,0.0,25.29,0.0
from_west_passenger.0.61,west,passenger,500.0,211.0,4844.21,0.0,10.15,0.96
from_west_motorcycle.1.31,west,motorcycle,465.0,248.0,4846.71,0.0,17.17,0.0
from_west_motorcycle.1.34,west,motorcycle,510.0,206.0,4846.71,0.0,11.97,0.0
from_north_passenger.12.35,north,passenger,459.0,259.0,5510.66,0.0,17.11,0.85
from_south_passenger.18.42,south,passenger,550.0,169.0,3032.57,0.0,17.61,0.22
from_south_passenger.18.34,south,passenger,446.0,274.0,5084.15,0.0,16.44,0.94
from_east_passenger.6.42,east,passenger,344.0,380.0,7722.22,0.0,14.82,0.4
from_north_passenger.12.42,north,passenger,550.0,177.0,4475.01,0.0,13.11,0.22
from_north_motorcycle.13.23,north,motorcycle,552.0,175.0,4477.51,0.0,23.51,0.0
from_east_passenger.6.43,east,passenger,352.0,376.0,7722.22,0.0,14.83,0.22
from_west_taxi.2.9,west,taxi,507.0,221.0,4844.21,0.0,9.88,0.75
from_east_passenger.6.47,east,passenger,385.0,344.0,7721.87,0.0,13.8,0.49
from_south_passenger.18.30,south,passenger,393.0,336.0,5084.15,0.0,21.37,0.3
from_north_passenger.12.37,north,passenger,485.0,244.0,5482.23,0.0,9.15,0.67
from_east_motorcycle.7.27,east,motorcycle,405.0,325.0,6648.44,0.0,24.41,0.0
from_east_motorcycle.7.23,east,motorcycle,345.0,388.0,7724.72,0.0,27.92,0.0
from_east_passenger.6.48,east,passenger,393.0,341.0,7722.22,0.0,23.91,0.31
from_east_passenger.6.45,east,passenger,369.0,367.0,7721.87,0.0,14.14,0.85
from_east_motorcycle.7.24,east,motorcycle,360.0,378.0,7724.37,0.0,28.34,0.0
from_east_passenger.6.57,east,passenger,467.0,273.0,5252.49,0.0,35.99,0.68
from_north_motorcycle.13.22,north,motorcycle,528.0,216.0,4477.51,0.0,19.34,0.0
from_west_motorcycle.1.35,west,motorcycle,525.0,220.0,4846.71,0.0,14.75,0.0
from_east_passenger.6.52,east,passenger,426.0,320.0,6645.94,0.0,19.05,0.59
from_west_passenger.0.67,west,passenger,549.0,197.0,4844.21,0.0,7.64,0.87
from_north_motorcycle.13.24,north,motorcycle,576.0,173.0,4477.51,0.0,15.79,0.0
from_east_truck_light.11.2,east,truck_light,459.0,293.0,6643.44,0.0,16.09,9.0
from_west_passenger.0.65,west,passenger,532.0,221.0,4844.21,0.0,7.86,0.23
from_west_passenger.0.69,west,passenger,565.0,188.0,4844.21,0.0,13.1,0.51
from_west_motorcycle.1.36,west,motorcycle,540.0,214.0,4846.71,0.0,13.95,0.0
from_east_passenger.6.44,east,passenger,360.0,400.0,7728.88,0.0,30.39,0.04
from_east_motorcycle.7.26,east,motorcycle,390.0,370.0,6670.16,0.0,27.28,0.0
from_east_motorcycle.7.18,east,motorcycle,270.0,492.0,7724.72,0.0,39.82,0.0
from_west_passenger.0.64,west,passenger,524.0,239.0,4844.21,0.0,12.8,0.42
from_east_passenger.6.56,east,passenger,460.0,304.0,6645.94,0.0,15.66,1.86
from_west_passenger.0.63,west,passenger,516.0,248.0,4844.21,0.0,10.76,0.6
from_west_motorcycle.1.37,west,motorcycle,555.0,210.0,4846.71,0.0,15.51,0.0
from_east_passenger.6.49,east,passenger,401.0,365.0,8738.8,0.0,16.97,0.13
from_west_passenger.0.66,west,passenger,540.0,226.0,4844.21,0.0,11.0,0.05
from_south_motorcycle.19.22,south,motorcycle,528.0,244.0,4096.29,0.0,36.27,0.0
from_south_passenger.18.39,south,passenger,511.0,264.0,5084.15,0.0,30.35,0.49
from_west_pickup.3.5,west,pickup,563.0,212.0,4843.71,0.0,5.83,0.5
from_north_motorcycle.13.25,north,motorcycle,600.0,175.0,4477.51,0.0,19.19,0.0
from_north_motorcycle.13.20,north,motorcycle,480.0,297.0,5484.73,0.0,21.21,0.0
from_north_motorcycle.13.21,north,motorcycle,504.0,273.0,5513.16,0.0,28.5,0.0
from_north_passenger.12.46,north,passenger,603.0,175.0,4475.01,0.0,13.7,0.86
from_east_motorcycle.7.21,east,motorcycle,315.0,468.0,7724.72,0.0,37.67,0.0
from_south_motorcycle.19.26,south,motorcycle,624.0,159.0,1325.87,0.0,26.38,0.0
from_north_passenger.12.45,north,passenger,590.0,194.0,4475.01,0.0,13.6,0.95
from_south_passenger.18.45,south,passenger,590.0,194.0,3032.57,0.0,18.19,0.95
from_west_motorcycle.1.38,west,motorcycle,570.0,215.0,4846.71,0.0,13.76,0.0
from_east_passenger.6.46,east,passenger,377.0,409.0,7722.22,0.0,16.59,0.67
from_west_passenger.0.70,west,passenger,573.0,214.0,4844.21,0.0,9.37,0.33
from_west_taxi.2.10,west,taxi,563.0,225.0,4844.21,0.0,10.47,0.5
from_east_motorcycle.7.30,east,motorcycle,454.0,336.0,6648.44,0.0,26.12,4.0
from_south_passenger.18.38,south,passenger,498.0,292.0,5084.15,0.0,33.54,0.58
from_south_passenger.18.46,south,passenger,603.0,187.0,1617.4,0.0,40.19,0.86
from_west_motorcycle.1.39,west,motorcycle,585.0,207.0,4846.71,0.0,19.98,0.0
from_south_passenger.18.41,south,passenger,537.0,256.0,5084.15,0.0,31.93,0.31
from_south_passenger.18.50,south,passenger,655.0,138.0,1323.37,0.0,14.92,0.5
from_east_motorcycle.7.31,east,motorcycle,465.0,329.0,6670.16,0.0,22.19,0.0
from_west_passenger.0.68,west,passenger,557.0,239.0,4844.21,0.0,9.21,0.69
from_south_passenger.18.47,south,passenger,616.0,180.0,3032.57,0.0,29.72,0.77
from_east_taxi.8.7,east,taxi,394.0,404.0,7722.22,0.0,20.36,0.25
from_east_passenger.6.65,east,passenger,532.0,266.0,6667.66,0.0,9.62,0.23
from_east_passenger.6.54,east,passenger,442.0,357.0,7722.22,0.0,19.53,0.23
from_north_motorcycle.13.27,north,motorcycle,648.0,151.0,3036.77,0.0,17.49,0.0
from_east_motorcycle.7.20,east,motorcycle,300.0,500.0,7724.72,0.0,41.99,0.0
from_north_passenger.12.43,north,passenger,563.0,237.0,5482.23,0.0,9.21,0.13
from_south_pickup.21.3,south,pickup,540.0,264.0,5083.65,0.0,20.85,0.0
from_north_passenger.12.41,north,passenger,537.0,273.0,5510.66,2.0,39.82,0.31
from_west_passenger.0.71,west,passenger,581.0,229.0,4844.21,0.0,8.17,0.15
from_west_passenger.0.72,west,passenger,590.0,222.0,4844.21,0.0,8.25,0.97
from_east_passenger.6.53,east,passenger,434.0,379.0,7721.87,0.0,15.78,0.41
from_west_motorcycle.1.40,west,motorcycle,600.0,213.0,4846.71,0.0,17.93,0.0
from_east_motorcycle.7.36,east,motorcycle,541.0,274.0,6648.44,0.0,21.22,1.0
from_west_passenger.0.74,west,passenger,606.0,209.0,4844.21,0.0,12.12,0.61
from_east_taxi.8.8,east,taxi,450.0,368.0,7722.22,0.0,17.05,0.0
from_south_passenger.18.37,south,passenger,485.0,333.0,4093.79,0.0,29.68,0.67
from_north_passenger.12.50,north,passenger,655.0,163.0,4475.01,0.0,11.25,0.5
from_north_motorcycle.13.29,north,motorcycle,696.0,123.0,2568.42,0.0,16.61,0.0
from_south_passenger.18.40,south,passenger,524.0,297.0,5084.15,0.0,18.64,0.4
from_west_taxi.2.11,west,taxi,619.0,202.0,4844.21,0.0,8.18,0.25
from_east_passenger.6.59,east,passenger,483.0,339.0,7722.22,0.0,15.9,0.32
from_east_motorcycle.7.38,east,motorcycle,570.0,252.0,6648.44,0.0,21.64,0.0
from_north_pickup.15.3,north,pickup,540.0,283.0,5510.16,2.0,31.62,0.0
from_north_motorcycle.13.26,north,motorcycle,624.0,200.0,4477.51,0.0,17.16,0.0
from_north_taxi.14.6,north,taxi,541.0,288.0,5510.66,2.0,34.2,1.0
from_north_passenger.12.44,north,passenger,576.0,255.0,5482.23,0.0,10.24,0.04
from_south_passenger.18.43,south,passenger,563.0,271.0,5084.15,0.0,14.77,0.13
from_north_motorcycle.13.28,north,motorcycle,672.0,162.0,4477.51,0.0,15.52,0.0
from_west_passenger.0.75,west,passenger,614.0,222.0,4844.21,0.0,9.8,0.42
from_west_motorcycle.1.41,west,motorcycle,615.0,228.0,4846.71,0.0,15.3,0.0
from_east_passenger.6.62,east,passenger,508.0,340.0,7721.87,0.0,11.86,0.78
from_south_passenger.18.44,south,passenger,576.0,273.0,5084.15,0.0,16.59,0.04
from_east_motorcycle.7.28,east,motorcycle,420.0,434.0,7724.72,0.0,32.91,0.0
from_east_bus.10.1,east,bus,453.0,406.0,8731.3,0.0,12.7,3.0
from_south_bus.22.1,south,bus,723.0,137.0,1315.87,1.0,18.41,3.0
from_west_passenger.0.76,west,passenger,622.0,239.0,4844.21,0.0,9.19,0.24
from_east_pickup.9.4,east,pickup,456.0,408.0,7728.38,0.0,27.02,6.0
from_east_passenger.6.51,east,passenger,418.0,447.0,8738.8,0.0,18.08,0.77
from_north_passenger.12.53,north,passenger,694.0,171.0,4475.01,0.0,11.53,0.23
from_east_taxi.8.9,east,taxi,507.0,359.0,7722.22,0.0,16.61,0.75
from_west_passenger.0.79,west,passenger,647.0,220.0,4844.21,0.0,9.33,0.7
from_east_motorcycle.7.32,east,motorcycle,480.0,392.0,7724.72,0.0,27.11,0.0
from_west_motorcycle.1.42,west,motorcycle,630.0,243.0,4846.71,0.0,16.9,0.0
from_east_passenger.6.60,east,passenger,491.0,383.0,7722.22,0.0,14.92,0.14
from_west_passenger.0.77,west,passenger,630.0,245.0,4844.21,0.0,12.0,0.06
from_west_motorcycle.1.43,west,motorcycle,645.0,231.0,4846.71,0.0,16.01,0.0
from_west_passenger.0.73,west,passenger,598.0,281.0,4844.21,0.0,12.5,0.79
from_north_passenger.12.54,north,passenger,707.0,172.0,4475.01,0.0,11.34,0.14
from_east_passenger.6.72,east,passenger,590.0,290.0,6645.94,0.0,26.1,0.97
from_east_passenger.6.61,east,passenger,500.0,382.0,7722.22,0.0,14.47,0.96
from_west_passenger.0.81,west,passenger,663.0,222.0,4844.21,0.0,8.53,0.34
from_south_motorcycle.19.29,south,motorcycle,696.0,191.0,1619.9,0.0,36.74,0.0
from_east_motorcycle.7.34,east,motorcycle,510.0,378.0,7731.38,0.0,28.49,0.0
from_west_passenger.0.78,west,passenger,639.0,253.0,4844.21,0.0,10.38,0.88
from_east_motorcycle.7.37,east,motorcycle,555.0,340.0,7724.37,0.0,23.42,0.0
from_west_passenger.0.80,west,passenger,655.0,240.0,4844.21,0.0,9.05,0.52
from_north_passenger.12.55,north,passenger,720.0,175.0,4475.01,0.0,11.76,0.05
from_east_passenger.6.67,east,passenger,549.0,348.0,6645.94,0.0,15.38,0.87
from_east_passenger.6.68,east,passenger,557.0,340.0,7721.87,0.0,14.32,0.69
from_south_motorcycle.19.32,south,motorcycle,768.0,129.0,1325.87,0.0,18.31,0.0
from_west_pickup.3.6,west,pickup,675.0,224.0,4843.71,0.0,7.97,0.0
from_west_passenger.0.82,west,passenger,671.0,230.0,4844.21,0.0,10.05,0.16
from_east_passenger.6.55,east,passenger,450.0,453.0,9037.14,0.0,29.96,0.04
from_west_taxi.2.12,west,taxi,676.0,227.0,4844.21,0.0,12.14,1.0
from_south_truck_light.23.2,south,truck_light,731.0,172.0,3030.07,0.0,26.04,11.0
from_west_passenger.0.84,west,passenger,688.0,217.0,4844.21,0.0,27.45,0.8
from_west_truck_light.5.3,west,truck_light,678.0,228.0,4841.71,0.0,11.65,3.0
from_west_passenger.0.86,west,passenger,704.0,204.0,4844.21,0.0,22.43,0.43
from_east_passenger.6.66,east,passenger,540.0,369.0,7721.87,0.0,16.34,0.05
from_north_passenger.12.51,north,passenger,668.0,241.0,5482.23,0.0,9.28,0.41
from_west_passenger.0.83,west,passenger,680.0,231.0,4844.21,0.0,9.75,0.98
from_east_passenger.6.63,east,passenger,516.0,396.0,7722.22,0.0,16.74,0.6
from_north_bus.16.1,north,bus,723.0,191.0,4467.51,0.0,11.44,3.0
from_south_passenger.18.58,south,passenger,760.0,154.0,1617.4,0.0,24.68,0.78
from_north_pickup.15.4,north,pickup,725.0,191.0,4474.51,0.0,21.26,5.0
from_north_truck_light.17.2,north,truck_light,728.0,188.0,4472.51,0.0,24.76,8.0
from_north_passenger.12.52,north,passenger,681.0,236.0,5482.23,0.0,8.18,0.32
from_south_passenger.18.53,south,passenger,694.0,225.0,4093.79,0.0,31.72,0.23
from_west_motorcycle.1.45,west,motorcycle,675.0,248.0,4846.71,0.0,15.9,0.0
from_north_passenger.12.48,north,passenger,629.0,295.0,5510.66,0.0,17.98,0.68
from_north_passenger.12.49,north,passenger,642.0,283.0,5482.23,0.0,14.33,0.59
from_south_motorcycle.19.24,south,motorcycle,577.0,349.0,5086.65,0.0,36.49,1.0
from_west_motorcycle.1.44,west,motorcycle,660.0,267.0,4846.71,0.0,19.83,0.0
from_east_passenger.6.58,east,passenger,475.0,458.0,8738.8,0.0,22.06,0.5
from_south_motorcycle.19.31,south,motorcycle,744.0,189.0,3035.07,0.0,22.93,0.0
from_east_passenger.6.73,east,passenger,598.0,336.0,7721.87,0.0,13.72,0.79
from_east_motorcycle.7.35,east,motorcycle,525.0,410.0,8741.3,0.0,28.02,0.0
from_south_taxi.20.7,south,taxi,631.0,304.0,5084.15,0.0,28.01,1.0
from_west_motorcycle.1.46,west,motorcycle,690.0,246.0,4846.71,0.0,16.27,0.0
from_south_motorcycle.19.27,south,motorcycle,648.0,289.0,5086.65,0.0,61.81,0.0
from_south_passenger.18.48,south,passenger,629.0,309.0,5084.15,0.0,27.55,0.68
from_east_passenger.6.70,east,passenger,573.0,366.0,7722.22,0.0,13.78,0.33
from_north_passenger.12.47,north,passenger,616.0,323.0,6818.92,0.0,40.32,0.77
from_east_passenger.6.80,east,passenger,655.0,285.0,6645.94,0.0,30.64,0.52
from_west_passenger.0.89,west,passenger,729.0,219.0,4844.21,0.0,8.94,0.89
from_south_passenger.18.49,south,passenger,642.0,310.0,5084.15,0.0,20.46,0.59
from_east_taxi.8.10,east,taxi,564.0,389.0,7722.22,0.0,19.11,1.5
from_north_motorcycle.13.31,north,motorcycle,744.0,211.0,3036.77,0.0,26.88,0.0
from_south_passenger.18.60,south,passenger,786.0,169.0,3032.57,0.0,17.54,0.6
from_south_passenger.18.62,south,passenger,812.0,143.0,1323.37,1.0,15.77,0.42
from_west_passenger.0.88,west,passenger,720.0,236.0,4844.21,0.0,10.47,0.07
from_east_passenger.6.76,east,passenger,622.0,335.0,6645.94,0.0,16.82,0.24
from_north_motorcycle.13.30,north,motorcycle,720.0,237.0,4769.84,0.0,24.47,0.0
from_south_passenger.18.63,south,passenger,825.0,132.0,1323.37,1.0,27.05,0.33
from_east_passenger.6.81,east,passenger,663.0,297.0,6667.66,0.0,11.25,0.34
from_south_motorcycle.19.36,south,motorcycle,866.0,94.0,990.22,0.0,19.55,2.0
from_west_taxi.2.13,west,taxi,732.0,229.0,4844.21,0.0,10.88,0.75
from_north_passenger.12.58,north,passenger,760.0,201.0,4767.34,0.0,35.49,0.78
from_west_motorcycle.1.49,west,motorcycle,735.0,230.0,4846.71,0.0,14.05,0.0
from_east_motorcycle.7.29,east,motorcycle,435.0,531.0,8741.3,0.0,43.24,0.0
from_south_motorcycle.19.25,south,motorcycle,600.0,366.0,5086.65,0.0,39.64,0.0
from_east_motorcycle.7.43,east,motorcycle,645.0,323.0,6648.44,0.0,25.5,0.0
from_west_passenger.0.85,west,passenger,696.0,272.0,4844.21,0.0,11.76,0.61
from_west_passenger.0.90,west,passenger,737.0,233.0,4844.21,0.0,10.0,0.71
from_east_passenger.6.64,east,passenger,524.0,448.0,8738.8,0.0,22.97,0.42
from_west_motorcycle.1.48,west,motorcycle,721.0,254.0,4846.71,0.0,19.52,1.0
from_west_passenger.0.87,west,passenger,712.0,264.0,4844.21,0.0,10.89,0.25
from_south_motorcycle.19.28,south,motorcycle,672.0,305.0,5086.65,0.0,46.67,0.0
from_west_passenger.0.93,west,passenger,761.0,217.0,4844.21,0.0,23.68,0.17
from_south_passenger.18.52,south,passenger,681.0,299.0,5084.15,0.0,90.55,0.32
from_east_pickup.9.5,east,pickup,563.0,421.0,8738.3,0.0,22.06,0.5
from_north_taxi.14.9,north,taxi,810.0,174.0,4475.01,0.0,13.59,0.0
from_south_passenger.18.65,south,passenger,851.0,133.0,1323.37,0.0,14.98,0.15
from_east_passenger.6.77,east,passenger,630.0,357.0,7722.22,0.0,13.89,0.06
from_north_taxi.14.8,north,taxi,723.0,264.0,5482.23,0.0,24.03,3.0
from_west_passenger.0.92,west,passenger,753.0,237.0,4844.21,0.0,19.43,0.35
from_east_motorcycle.7.39,east,motorcycle,585.0,406.0,8741.3,0.0,38.02,0.0
from_north_taxi.14.7,north,taxi,630.0,361.0,6818.92,0.0,25.22,0.0
from_west_motorcycle.1.51,west,motorcycle,765.0,228.0,4846.71,0.0,26.78,0.0
from_west_motorcycle.1.52,west,motorcycle,780.0,213.0,4846.71,0.0,20.02,0.0
from_west_passenger.0.96,west,passenger,786.0,208.0,4844.21,0.0,21.3,0.62
from_north_motorcycle.13.33,north,motorcycle,792.0,202.0,4477.51,0.0,16.96,0.0
from_east_motorcycle.7.33,east,motorcycle,495.0,501.0,8741.3,0.0,39.28,0.0
from_west_pickup.3.7,west,pickup,788.0,208.0,4843.71,0.0,11.84,0.5
from_east_passenger.6.74,east,passenger,606.0,391.0,8738.8,0.0,71.29,0.61
from_north_motorcycle.13.34,north,motorcycle,816.0,181.0,4477.51,0.0,25.16,0.0
from_east_motorcycle.7.44,east,motorcycle,660.0,340.0,7724.72,0.0,26.3,0.0
from_west_motorcycle.1.50,west,motorcycle,750.0,250.0,4846.71,0.0,23.87,0.0
from_west_motorcycle.1.47,west,motorcycle,705.0,296.0,4846.71,0.0,24.07,0.0
from_south_motorcycle.19.30,south,motorcycle,725.0,277.0,5086.65,0.0,67.47,5.0
from_west_motorcycle.1.53,west,motorcycle,795.0,207.0,4846.71,0.0,33.63,0.0
from_west_passenger.0.91,west,passenger,745.0,258.0,4844.21,0.0,19.86,0.53
from_east_motorcycle.7.41,east,motorcycle,615.0,389.0,7724.72,0.0,26.29,0.0
from_west_passenger.0.95,west,passenger,778.0,226.0,4844.21,0.0,15.44,0.8
from_south_pickup.21.4,south,pickup,727.0,278.0,5083.65,0.0,48.86,7.0
from_west_passenger.0.94,west,passenger,770.0,235.0,4844.21,0.0,15.2,0.99
from_north_pickup.15.5,north,pickup,900.0,105.0,2565.42,0.0,11.04,0.0
from_south_passenger.18.54,south,passenger,707.0,299.0,5084.15,0.0,31.24,0.14
from_north_passenger.12.63,north,passenger,825.0,181.0,4475.01,0.0,13.16,0.33
from_north_passenger.12.62,north,passenger,812.0,195.0,4475.01,0.0,13.78,0.42
from_east_passenger.6.90,east,passenger,737.0,271.0,6645.94,0.0,12.36,0.71
from_south_passenger.18.57,south,passenger,747.0,264.0,4093.79,0.0,36.88,0.87
from_west_taxi.2.14,west,taxi,789.0,222.0,4844.21,0.0,11.96,1.5
from_west_passenger.0.97,west,passenger,794.0,219.0,4844.21,0.0,8.98,0.44
from_north_passenger.12.57,north,passenger,747.0,267.0,5482.23,0.0,10.29,0.87
from_south_passenger.18.59,south,passenger,773.0,241.0,4093.79,0.0,22.76,0.69
from_east_passenger.6.84,east,passenger,688.0,328.0,7721.87,0.0,11.82,0.8
from_east_passenger.6.69,east,passenger,566.0,452.0,8738.8,0.0,23.71,1.51
from_south_taxi.20.8,south,taxi,728.0,292.0,5084.15,0.0,25.46,8.0
from_east_passenger.6.85,east,passenger,696.0,325.0,7721.87,0.0,13.25,0.61
from_south_passenger.18.56,south,passenger,734.0,288.0,5084.15,0.0,21.67,0.96
from_south_passenger.18.55,south,passenger,720.0,304.0,5084.15,0.0,22.69,0.05
from_north_motorcycle.13.36,north,motorcycle,864.0,160.0,4477.51,0.0,14.38,0.0
from_west_passenger.0.99,west,passenger,810.0,215.0,4844.21,0.0,8.68,0.08
from_south_passenger.18.51,south,passenger,668.0,358.0,5084.15,0.0,24.14,0.41
from_west_motorcycle.1.55,west,motorcycle,825.0,201.0,4846.71,0.0,12.07,0.0
from_east_motorcycle.7.40,east,motorcycle,600.0,428.0,8741.3,0.0,29.19,0.0
from_west_passenger.0.100,west,passenger,819.0,209.0,4844.21,0.0,8.13,0.9
from_north_motorcycle.13.35,north,motorcycle,840.0,192.0,4769.84,0.0,42.15,0.0
from_east_motorcycle.7.49,east,motorcycle,735.0,299.0,7724.72,0.0,15.44,0.0
from_east_passenger.6.79,east,passenger,647.0,389.0,7722.22,0.0,16.73,0.7
from_east_passenger.6.75,east,passenger,614.0,425.0,7722.22,0.0,18.48,0.42
from_north_passenger.12.56,north,passenger,734.0,305.0,6818.92,0.0,32.97,0.96
from_north_passenger.12.59,north,passenger,773.0,267.0,5482.23,0.0,9.96,0.69
from_east_taxi.8.12,east,taxi,675.0,366.0,7722.22,0.0,19.52,0.0
from_north_passenger.12.64,north,passenger,838.0,203.0,4475.01,0.0,13.58,0.24
from_north_passenger.12.67,north,passenger,878.0,163.0,4475.01,0.0,12.44,0.97
from_south_pickup.21.5,south,pickup,900.0,142.0,1322.87,0.0,26.56,0.0
from_east_passenger.6.71,east,passenger,581.0,462.0,8738.8,0.0,19.4,0.15
from_north_motorcycle.13.32,north,motorcycle,768.0,276.0,5513.16,0.0,23.51,0.0
from_south_passenger.18.71,south,passenger,930.0,116.0,1323.37,0.0,15.76,0.61
from_west_passenger.0.98,west,passenger,802.0,246.0,4844.21,0.0,8.89,0.26
from_west_motorcycle.1.54,west,motorcycle,810.0,241.0,4846.71,0.0,15.64,0.0
from_west_passenger.0.103,west,passenger,843.0,208.0,4844.21,0.0,9.56,0.36
from_east_truck_light.11.3,east,truck_light,678.0,374.0,7719.72,0.0,9.54,3.0
from_east_taxi.8.13,east,taxi,732.0,323.0,6645.94,0.0,17.61,0.75
from_east_passenger.6.78,east,passenger,639.0,417.0,7722.22,0.0,17.25,0.88
from_north_passenger.12.60,north,passenger,786.0,270.0,5482.23,0.0,11.41,0.6
from_south_motorcycle.19.33,south,motorcycle,792.0,266.0,5086.65,0.0,25.75,0.0
from_east_passenger.6.82,east,passenger,671.0,389.0,7721.87,0.0,18.22,0.16
from_north_motorcycle.13.38,north,motorcycle,912.0,155.0,4477.51,0.0,13.82,0.0
from_west_motorcycle.1.57,west,motorcycle,855.0,214.0,4846.71,0.0,21.76,0.0
from_east_motorcycle.7.50,east,motorcycle,750.0,320.0,7724.37,0.0,30.46,0.0
from_north_taxi.14.10,north,taxi,901.0,169.0,3034.27,0.0,16.2,1.0
from_north_motorcycle.13.37,north,motorcycle,888.0,184.0,4477.51,0.0,16.6,0.0
from_south_passenger.18.61,south,passenger,799.0,274.0,5084.15,0.0,26.02,0.51
from_west_passenger.0.105,west,passenger,860.0,213.0,4844.21,0.0,15.03,0.99
from_east_motorcycle.7.47,east,motorcycle,705.0,369.0,7724.37,0.0,24.35,0.0
from_south_passenger.18.64,south,passenger,838.0,238.0,4093.79,0.0,21.42,0.24
from_south_taxi.20.10,south,taxi,901.0,177.0,3032.57,0.0,33.17,1.0
from_south_taxi.20.9,south,taxi,810.0,269.0,5084.15,0.0,21.46,0.0
from_east_taxi.8.11,east,taxi,619.0,462.0,9037.14,0.0,42.22,0.25
from_east_passenger.6.98,east,passenger,802.0,280.0,6645.94,0.0,20.57,0.26
from_east_passenger.6.94,east,passenger,770.0,313.0,6645.94,0.0,15.58,0.99
from_west_passenger.0.107,west,passenger,876.0,208.0,4844.21,0.0,8.56,0.63
from_west_passenger.0.102,west,passenger,835.0,250.0,4844.21,0.0,10.33,0.54
from_east_motorcycle.7.46,east,motorcycle,690.0,397.0,7724.72,0.0,27.78,0.0
from_west_passenger.0.106,west,passenger,868.0,219.0,4844.21,0.0,13.32,0.81
from_south_motorcycle.19.34,south,motorcycle,816.0,273.0,5086.65,0.0,26.54,0.0
from_west_taxi.2.15,west,taxi,844.0,245.0,4844.21,0.0,11.69,0.25
from_north_passenger.12.61,north,passenger,799.0,291.0,5510.66,0.0,17.34,0.51
from_west_passenger.0.104,west,passenger,851.0,239.0,4844.21,0.0,38.84,0.18
from_east_passenger.6.86,east,passenger,704.0,387.0,7722.22,0.0,17.32,0.43
from_west_motorcycle.1.60,west,motorcycle,900.0,191.0,4846.71,0.0,16.23,0.0
from_south_motorcycle.19.37,south,motorcycle,888.0,204.0,1619.9,0.0,40.62,0.0
from_north_passenger.12.70,north,passenger,917.0,176.0,4475.01,0.0,11.59,0.7
from_east_motorcycle.7.53,east,motorcycle,796.0,298.0,6648.44,0.0,25.3,1.0
from_south_passenger.18.73,south,passenger,956.0,138.0,1323.37,0.0,15.23,0.43
from_west_motorcycle.1.59,west,motorcycle,885.0,211.0,4846.71,0.0,11.9,0.0
from_east_motorcycle.7.56,east,motorcycle,840.0,258.0,6670.16,0.0,18.67,0.0
from_north_passenger.12.66,north,passenger,864.0,236.0,5510.66,0.0,18.33,0.06
from_east_pickup.9.6,east,pickup,677.0,425.0,8738.3,0.0,16.61,2.0
from_east_motorcycle.7.42,east,motorcycle,630.0,475.0,7724.72,0.0,38.77,0.0
from_east_passenger.6.88,east,passenger,720.0,385.0,7722.22,0.0,17.32,0.07
from_west_motorcycle.1.58,west,motorcycle,870.0,236.0,4846.71,0.0,15.15,0.0
from_west_passenger.0.109,west,passenger,892.0,215.0,4844.21,0.0,7.54,0.27
from_west_motorcycle.1.56,west,motorcycle,840.0,269.0,4846.71,0.0,21.23,0.0
from_south_motorcycle.19.42,south,motorcycle,1010.0,99.0,990.22,0.0,22.29,2.0
from_north_passenger.12.65,north,passenger,851.0,262.0,5510.66,0.0,21.66,0.15
from_south_passenger.18.72,south,passenger,943.0,171.0,3032.57,3.0,28.26,0.52
from_south_motorcycle.19.35,south,motorcycle,840.0,275.0,5086.65,0.0,23.85,0.0
from_west_pickup.3.8,west,pickup,902.0,215.0,4843.71,0.0,9.36,2.0
from_south_passenger.18.76,south,passenger,995.0,123.0,1323.37,1.0,14.55,0.16
from_west_passenger.0.101,west,passenger,827.0,296.0,4844.21,0.0,13.48,0.72
from_west_passenger.0.110,west,passenger,900.0,223.0,4844.21,0.0,9.25,0.09
from_west_bus.4.2,west,bus,903.0,223.0,4836.71,0.0,8.97,3.0
from_east_motorcycle.7.45,east,motorcycle,675.0,453.0,9039.64,0.0,47.76,0.0
from_east_passenger.6.87,east,passenger,712.0,417.0,7722.22,0.0,16.67,0.25
from_west_passenger.0.113,west,passenger,925.0,204.0,4844.21,0.0,11.11,0.55
from_west_truck_light.5.4,west,truck_light,906.0,226.0,4841.71,0.0,11.5,6.0
from_east_motorcycle.7.54,east,motorcycle,810.0,324.0,7724.37,0.0,33.62,0.0
from_east_passenger.6.95,east,passenger,778.0,357.0,7728.88,2.0,37.02,0.8
from_west_taxi.2.16,west,taxi,903.0,235.0,4844.21,0.0,11.11,3.0
from_north_motorcycle.13.40,north,motorcycle,960.0,178.0,4477.51,0.0,20.74,0.0
from_east_taxi.8.15,east,taxi,844.0,296.0,6645.94,0.0,22.16,0.25
from_west_passenger.0.108,west,passenger,884.0,256.0,4844.21,0.0,10.45,0.45
from_north_passenger.12.72,north,passenger,943.0,197.0,4475.01,0.0,30.21,0.52
from_east_passenger.6.92,east,passenger,753.0,390.0,7721.87,0.0,15.62,0.35
from_west_passenger.0.111,west,passenger,909.0,235.0,4844.21,0.0,8.55,0.91
from_south_passenger.18.74,south,passenger,969.0,175.0,3032.57,0.0,21.08,0.34
from_west_passenger.0.112,west,passenger,917.0,229.0,4844.21,0.0,8.33,0.73
from_north_passenger.12.68,north,passenger,891.0,257.0,5482.23,0.0,13.91,0.88
from_east_passenger.6.91,east,passenger,745.0,404.0,7722.22,0.0,16.97,0.53
from_north_passenger.12.74,north,passenger,969.0,181.0,4475.01,0.0,11.77,0.34
from_south_taxi.20.11,south,taxi,990.0,162.0,3032.57,0.0,19.87,0.0
from_east_passenger.6.89,east,passenger,729.0,425.0,8738.8,0.0,18.15,0.89
from_south_passenger.18.67,south,passenger,878.0,277.0,5084.15,0.0,19.67,0.97
from_east_passenger.6.105,east,passenger,860.0,297.0,6667.66,0.0,20.38,0.99
from_east_passenger.6.101,east,passenger,827.0,334.0,6645.94,0.0,23.75,0.72
from_south_passenger.18.66,south,passenger,864.0,297.0,5084.15,0.0,22.19,0.06
from_north_passenger.12.71,north,passenger,930.0,233.0,4475.01,0.0,14.69,0.61
from_east_motorcycle.7.55,east,motorcycle,825.0,340.0,6670.16,0.0,33.95,0.0
from_east_passenger.6.102,east,passenger,835.0,331.0,7721.87,0.0,16.25,0.54
from_west_taxi.2.17,west,taxi,957.0,211.0,4844.21,0.0,13.04,0.75
from_west_passenger.0.115,west,passenger,941.0,230.0,4844.21,0.0,9.96,0.18
from_north_passenger.12.76,north,passenger,995.0,176.0,4475.01,0.0,12.64,0.16
from_north_motorcycle.13.41,north,motorcycle,984.0,189.0,4477.51,0.0,17.72,0.0
from_east_pickup.9.7,east,pickup,788.0,386.0,7721.72,0.0,14.09,0.5
from_west_passenger.0.114,west,passenger,933.0,246.0,4844.21,0.0,10.37,0.37
from_west_motorcycle.1.64,west,motorcycle,960.0,219.0,4846.71,0.0,15.67,0.0
from_west_motorcycle.1.61,west,motorcycle,915.0,265.0,4846.71,0.0,18.48,0.0
from_west_passenger.0.119,west,passenger,974.0,207.0,4844.21,0.0,15.42,0.46
from_west_motorcycle.1.65,west,motorcycle,975.0,207.0,4846.71,0.0,17.03,0.0
from_west_motorcycle.1.63,west,motorcycle,945.0,238.0,4846.71,0.0,16.58,0.0
from_east_motorcycle.7.51,east,motorcycle,765.0,420.0,8741.3,0.0,29.79,0.0
from_east_passenger.6.100,east,passenger,819.0,367.0,8738.8,0.0,27.88,0.9
from_west_passenger.0.116,west,passenger,949.0,237.0,4844.21,0.0,11.82,0.0
from_north_motorcycle.13.42,north,motorcycle,1009.0,177.0,4477.51,0.0,31.04,1.0
from_east_passenger.6.93,east,passenger,761.0,426.0,7722.22,0.0,19.59,0.17
from_south_passenger.18.70,south,passenger,917.0,271.0,5084.15,0.0,44.0,0.7
from_north_passenger.12.69,north,passenger,904.0,286.0,5510.66,0.0,16.33,0.79
from_north_passenger.12.78,north,passenger,1022.0,169.0,4475.01,0.0,18.29,0.98
from_east_passenger.6.99,east,passenger,810.0,382.0,7721.87,0.0,15.37,0.08
from_north_passenger.12.73,north,passenger,956.0,237.0,5482.23,0.0,33.54,0.43
from_east_passenger.6.83,east,passenger,680.0,515.0,8738.8,0.0,22.96,0.98
from_north_passenger.12.77,north,passenger,1008.0,187.0,4475.01,0.0,11.77,0.07
from_west_motorcycle.1.66,west,motorcycle,990.0,206.0,4846.71,0.0,14.95,0.0
from_south_passenger.18.69,south,passenger,904.0,293.0,5084.15,0.0,33.43,0.79
from_east_passenger.6.111,east,passenger,910.0,287.0,6667.66,0.0,28.02,1.91
from_west_passenger.0.121,west,passenger,990.0,208.0,4844.21,0.0,11.66,0.1
from_east_motorcycle.7.61,east,motorcycle,915.0,285.0,6670.16,0.0,24.49,0.0
from_east_passenger.6.96,east,passenger,786.0,415.0,7722.22,0.0,18.03,0.62
from_east_motorcycle.7.48,east,motorcycle,720.0,482.0,7724.72,0.0,39.25,0.0
from_west_passenger.0.117,west,passenger,958.0,244.0,4844.21,0.0,10.75,0.82
from_east_taxi.8.16,east,taxi,906.0,299.0,6645.94,0.0,19.56,6.0
from_east_taxi.8.14,east,taxi,789.0,419.0,7722.22,0.0,22.38,1.5
from_south_motorcycle.19.39,south,motorcycle,936.0,274.0,4096.29,0.0,33.84,0.0
from_east_motorcycle.7.52,east,motorcycle,780.0,437.0,7724.72,0.0,34.46,0.0
from_east_passenger.6.117,east,passenger,958.0,259.0,6645.94,0.0,25.79,0.82
from_west_passenger.0.118,west,passenger,966.0,251.0,4844.21,0.0,11.09,0.64
from_south_motorcycle.19.38,south,motorcycle,912.0,306.0,5086.65,0.0,29.32,0.0
from_west_passenger.0.120,west,passenger,982.0,237.0,4844.21,0.0,13.39,0.28
from_west_passenger.0.123,west,passenger,1007.0,212.0,4844.21,0.0,31.12,0.74
from_west_motorcycle.1.68,west,motorcycle,1020.0,200.0,4846.71,0.0,26.57,0.0
from_west_pickup.3.9,west,pickup,1013.0,210.0,4843.71,0.0,7.37,0.5
from_south_passenger.18.82,south,passenger,1074.0,157.0,1617.4,0.0,20.85,0.62
from_west_passenger.0.125,west,passenger,1023.0,210.0,4844.21,0.0,8.47,0.37
from_north_passenger.12.79,north,passenger,1035.0,199.0,4475.01,0.0,13.46,0.89
from_north_motorcycle.13.44,north,motorcycle,1056.0,179.0,4477.51,0.0,18.41,0.0
from_east_passenger.6.107,east,passenger,876.0,360.0,7722.22,0.0,14.77,0.63
from_west_taxi.2.18,west,taxi,1014.0,224.0,4844.21,0.0,10.71,1.5
from_west_passenger.0.124,west,passenger,1016.0,223.0,4844.21,0.0,8.9,1.56
from_west_motorcycle.1.62,west,motorcycle,930.0,310.0,4846.71,0.0,26.32,0.0
from_west_passenger.0.126,west,passenger,1031.0,210.0,4844.21,0.0,9.72,0.19
from_south_passenger.18.83,south,passenger,1091.0,151.0,1323.37,0.0,47.04,4.53
from_south_passenger.18.68,south,passenger,891.0,354.0,5084.15,0.0,25.41,0.88
from_south_motorcycle.19.41,south,motorcycle,984.0,262.0,5086.65,0.0,29.53,0.0
from_west_motorcycle.1.69,west,motorcycle,1035.0,211.0,4846.71,0.0,12.22,0.0
from_east_passenger.6.106,east,passenger,868.0,380.0,7722.22,0.0,15.23,0.81
from_east_motorcycle.7.57,east,motorcycle,855.0,394.0,8741.3,0.0,24.2,0.0
from_south_motorcycle.19.40,south,motorcycle,960.0,289.0,5086.65,0.0,25.04,0.0
from_west_passenger.0.127,west,passenger,1039.0,211.0,4844.21,0.0,11.57,0.01
from_north_passenger.12.81,north,passenger,1061.0,190.0,4475.01,0.0,11.72,0.71
from_north_passenger.12.83,north,passenger,1087.0,164.0,4475.01,0.0,15.3,0.53
from_east_passenger.6.108,east,passenger,884.0,368.0,8738.8,0.0,23.83,0.45
from_west_motorcycle.1.67,west,motorcycle,1005.0,250.0,4846.71,0.0,18.15,0.0
from_south_passenger.18.75,south,passenger,982.0,274.0,5084.15,0.0,16.8,0.25
from_north_motorcycle.13.45,north,motorcycle,1080.0,176.0,4477.51,0.0,16.24,0.0
from_north_taxi.14.11,north,taxi,990.0,271.0,5482.23,0.0,15.67,0.0
from_east_motorcycle.7.58,east,motorcycle,870.0,392.0,7724.72,0.0,27.68,0.0
from_east_bus.10.2,east,bus,900.0,369.0,7714.72,0.0,6.53,0.0
from_east_passenger.6.119,east,passenger,974.0,296.0,6667.66,0.0,11.64,0.46
from_south_passenger.18.85,south,passenger,1113.0,157.0,1323.37,0.0,17.85,0.35
from_south_passenger.18.86,south,passenger,1126.0,146.0,1323.37,1.0,30.54,0.26
from_east_motorcycle.7.63,east,motorcycle,945.0,329.0,7724.37,0.0,22.62,0.0
from_north_motorcycle.13.43,north,motorcycle,1032.0,242.0,5513.16,0.0,22.55,0.0
from_north_passenger.12.85,north,passenger,1113.0,161.0,3034.27,0.0,27.92,0.35
from_north_passenger.12.86,north,passenger,1126.0,149.0,3034.27,0.0,14.33,0.26
from_south_taxi.20.13,south,taxi,1170.0,105.0,987.72,0.0,26.28,0.0
from_east_passenger.6.115,east,passenger,941.0,335.0,7721.87,0.0,39.27,0.18
from_west_passenger.0.128,west,passenger,1048.0,228.0,4844.21,0.0,8.84,0.83
from_west_taxi.2.19,west,taxi,1069.0,208.0,4844.21,0.0,12.15,0.25
from_west_passenger.0.130,west,passenger,1064.0,214.0,4844.21,0.0,8.7,0.47
from_east_passenger.6.104,east,passenger,851.0,428.0,8738.8,0.0,21.47,0.18
from_south_motorcycle.19.43,south,motorcycle,1032.0,247.0,5086.65,0.0,32.42,0.0
from_south_passenger.18.84,south,passenger,1100.0,180.0,1617.4,0.0,52.27,0.44
from_south_passenger.18.78,south,passenger,1022.0,259.0,4093.79,0.0,22.1,0.98
from_west_motorcycle.1.71,west,motorcycle,1065.0,219.0,4846.71,0.0,13.95,0.0
from_east_passenger.6.97,east,passenger,794.0,491.0,7722.22,0.0,23.95,0.44
from_east_passenger.6.103,east,passenger,843.0,443.0,8738.8,0.0,28.86,0.36
from_west_passenger.0.129,west,passenger,1056.0,233.0,4844.21,0.0,9.01,0.65
from_west_motorcycle.1.72,west,motorcycle,1080.0,211.0,4846.71,0.0,13.34,0.0
from_north_motorcycle.13.39,north,motorcycle,936.0,357.0,6821.42,0.0,44.11,0.0
from_east_motorcycle.7.64,east,motorcycle,960.0,334.0,7724.37,0.0,22.07,0.0
from_south_motorcycle.19.47,south,motorcycle,1128.0,171.0,1619.9,0.0,29.89,0.0
from_north_passenger.12.82,north,passenger,1074.0,227.0,5482.23,0.0,14.34,0.62
from_west_passenger.0.122,west,passenger,999.0,304.0,4844.21,0.0,14.7,0.92
from_west_passenger.0.131,west,passenger,1072.0,234.0,4844.21,0.0,8.68,0.29
from_east_pickup.9.8,east,pickup,904.0,404.0,7721.72,0.0,20.41,4.0
from_west_motorcycle.1.73,west,motorcycle,1095.0,217.0,4846.71,0.0,13.8,0.0
from_south_passenger.18.77,south,passenger,1008.0,307.0,5084.15,0.0,20.26,0.07
from_west_passenger.0.133,west,passenger,1089.0,226.0,4844.21,0.0,10.64,0.93
from_north_passenger.12.87,north,passenger,1139.0,176.0,4475.01,0.0,11.34,0.17
from_west_motorcycle.1.75,west,motorcycle,1125.0,191.0,4846.71,0.0,16.18,0.0
from_east_truck_light.11.4,east,truck_light,908.0,410.0,8736.3,0.0,15.03,8.0
from_west_motorcycle.1.70,west,motorcycle,1050.0,270.0,4846.71,0.0,19.73,0.0
from_east_passenger.6.120,east,passenger,982.0,340.0,5252.49,0.0,35.97,0.28
from_south_passenger.18.91,south,passenger,1192.0,132.0,1323.37,1.0,27.05,0.81
from_north_passenger.12.89,north,passenger,1166.0,160.0,3034.27,0.0,16.64,0.99
from_west_passenger.0.135,west,passenger,1105.0,224.0,4844.21,0.0,8.87,0.56
from_east_passenger.6.110,east,passenger,900.0,433.0,7722.22,0.0,23.63,0.09
from_north_passenger.12.90,north,passenger,1179.0,154.0,3034.27,0.0,13.38,0.9
from_south_passenger.18.80,south,passenger,1048.0,286.0,5084.15,0.0,20.45,0.8
from_north_passenger.12.75,north,passenger,982.0,353.0,6818.92,0.0,21.34,0.25
from_north_passenger.12.91,north,passenger,1192.0,143.0,3034.27,0.0,15.22,0.81
from_east_passenger.6.125,east,passenger,1023.0,313.0,6645.94,0.0,14.65,0.37
from_east_motorcycle.7.59,east,motorcycle,885.0,453.0,8741.3,0.0,33.13,0.0
from_west_pickup.3.10,west,pickup,1125.0,213.0,4843.71,0.0,12.81,0.0
from_east_passenger.6.114,east,passenger,934.0,405.0,8738.8,0.0,24.35,1.37
from_north_truck_light.17.3,north,truck_light,1085.0,255.0,5479.73,0.0,11.82,5.0
from_west_truck_light.5.5,west,truck_light,1127.0,213.0,4841.71,0.0,20.59,2.0
from_west_passenger.0.137,west,passenger,1121.0,220.0,4844.21,0.0,42.62,0.2
from_west_passenger.0.136,west,passenger,1113.0,229.0,4844.21,0.0,10.21,0.38
from_east_passenger.6.112,east,passenger,917.0,426.0,7722.22,0.0,18.07,0.73
from_south_motorcycle.19.44,south,motorcycle,1056.0,287.0,5086.65,0.0,65.44,0.0
from_north_motorcycle.13.49,north,motorcycle,1176.0,169.0,4477.51,0.0,17.12,0.0
from_east_passenger.6.132,east,passenger,1080.0,267.0,6645.94,0.0,26.14,0.11
from_west_passenger.0.138,west,passenger,1129.0,221.0,4844.21,0.0,20.76,0.02
from_north_taxi.14.13,north,taxi,1170.0,180.0,4475.01,0.0,17.2,0.0
from_east_taxi.8.17,east,taxi,957.0,395.0,7721.87,0.0,21.44,0.75
from_west_passenger.0.134,west,passenger,1097.0,255.0,4844.21,0.0,11.75,0.75
from_south_passenger.18.87,south,passenger,1139.0,213.0,3032.57,0.0,19.13,0.17
from_north_pickup.15.6,north,pickup,1080.0,273.0,5481.73,0.0,13.24,0.0
from_east_motorcycle.7.60,east,motorcycle,901.0,453.0,8741.3,0.0,34.56,1.0
from_east_motorcycle.7.62,east,motorcycle,930.0,424.0,6648.44,0.0,37.38,0.0
from_east_passenger.6.124,east,passenger,1015.0,339.0,7721.87,0.0,56.65,0.56
from_north_passenger.12.84,north,passenger,1100.0,254.0,5510.66,5.0,57.63,0.44
from_south_motorcycle.19.48,south,motorcycle,1154.0,200.0,3035.07,0.0,35.62,2.0
from_south_passenger.18.96,south,passenger,1257.0,97.0,987.72,0.0,19.14,0.36
from_east_passenger.6.113,east,passenger,925.0,430.0,8738.8,0.0,22.05,0.55
from_north_motorcycle.13.46,north,motorcycle,1104.0,251.0,5484.73,0.0,26.21,0.0
from_south_passenger.18.81,south,passenger,1061.0,296.0,5084.15,0.0,22.9,0.71
from_west_taxi.2.20,west,taxi,1126.0,233.0,4844.21,0.0,11.84,1.0
from_west_motorcycle.1.76,west,motorcycle,1140.0,220.0,4846.71,0.0,21.02,0.0
from_west_passenger.0.139,west,passenger,1138.0,223.0,4844.21,0.0,14.87,0.84
from_east_passenger.6.122,east,passenger,999.0,364.0,7721.87,0.0,22.06,0.92
from_west_passenger.0.140,west,passenger,1146.0,217.0,4844.21,0.0,8.71,0.66
from_east_motorcycle.7.68,east,motorcycle,1020.0,344.0,7724.37,0.0,23.91,0.0
from_north_passenger.12.80,north,passenger,1048.0,318.0,5510.66,0.0,19.31,0.8
from_east_motorcycle.7.71,east,motorcycle,1065.0,301.0,6670.16,0.0,20.77,0.0
from_south_passenger.18.79,south,passenger,1035.0,332.0,5084.15,0.0,25.51,0.89
from_north_taxi.14.12,north,taxi,1082.0,285.0,5510.66,7.0,33.14,2.0
from_south_passenger.18.92,south,passenger,1205.0,162.0,3032.57,0.0,27.92,0.72
from_west_passenger.0.132,west,passenger,1080.0,288.0,4844.21,0.0,12.41,0.11
from_east_passenger.6.123,east,passenger,1007.0,362.0,7721.87,0.0,15.61,0.74
from_north_motorcycle.13.50,north,motorcycle,1200.0,174.0,4477.51,0.0,14.99,0.0
from_east_passenger.6.121,east,passenger,990.0,394.0,7722.22,0.0,16.66,0.1
from_west_passenger.0.141,west,passenger,1154.0,230.0,4844.21,0.0,8.2,0.48
from_east_passenger.6.126,east,passenger,1031.0,355.0,7721.87,0.0,15.64,0.19
from_east_motorcycle.7.65,east,motorcycle,975.0,415.0,7724.72,0.0,30.31,0.0
from_west_passenger.0.143,west,passenger,1170.0,221.0,4844.21,0.0,8.24,0.12
from_west_taxi.2.21,west,taxi,1182.0,213.0,4844.21,0.0,11.43,0.75
from_south_taxi.20.12,south,taxi,1086.0,310.0,5084.15,0.0,57.22,6.0
from_west_motorcycle.1.74,west,motorcycle,1110.0,287.0,4846.71,0.0,23.06,0.0
from_east_passenger.6.116,east,passenger,949.0,449.0,8738.8,0.0,20.3,0.0
from_east_passenger.6.109,east,passenger,892.0,507.0,7728.88,3.0,40.83,0.27
from_south_truck_light.23.3,south,truck_light,1089.0,311.0,5081.65,0.0,67.8,9.0
from_south_motorcycle.19.46,south,motorcycle,1104.0,296.0,4096.29,0.0,47.72,0.0
from_south_pickup.21.6,south,pickup,1084.0,317.0,5083.65,0.0,58.38,4.0
from_east_pickup.9.10,east,pickup,1128.0,274.0,6645.44,0.0,14.62,3.0
from_north_passenger.12.94,north,passenger,1231.0,172.0,4475.01,0.0,12.33,0.54
from_east_pickup.9.9,east,pickup,1013.0,391.0,7721.72,0.0,14.52,0.5
from_south_passenger.18.94,south,passenger,1231.0,173.0,1323.37,0.0,42.77,0.54
from_south_pickup.21.7,south,pickup,1260.0,146.0,1322.87,0.0,29.26,0.0
from_west_motorcycle.1.79,west,motorcycle,1185.0,223.0,4846.71,0.0,15.01,0.0
from_south_taxi.20.14,south,taxi,1262.0,147.0,1323.37,3.0,25.45,2.0
from_east_motorcycle.7.67,east,motorcycle,1005.0,405.0,7724.72,0.0,28.94,0.0
from_south_passenger.18.97,south,passenger,1270.0,141.0,1323.37,3.0,30.73,0.27
from_south_passenger.18.98,south,passenger,1283.0,130.0,1323.37,2.0,24.87,0.18
from_east_taxi.8.18,east,taxi,1014.0,401.0,7722.22,0.0,19.91,1.5
from_east_passenger.6.134,east,passenger,1097.0,324.0,7722.22,0.0,15.34,0.75
from_west_motorcycle.1.77,west,motorcycle,1155.0,267.0,4846.71,0.0,19.74,0.0
from_west_passenger.0.142,west,passenger,1162.0,261.0,4844.21,0.0,10.75,0.3
from_east_passenger.6.138,east,passenger,1134.0,291.0,6645.94,0.0,17.42,5.02
from_south_motorcycle.19.51,south,motorcycle,1224.0,201.0,1325.87,0.0,39.1,0.0
from_east_passenger.6.129,east,passenger,1056.0,371.0,7722.22,0.0,14.23,0.65
from_east_motorcycle.7.66,east,motorcycle,990.0,438.0,8741.3,0.0,36.26,0.0
from_west_passenger.0.144,west,passenger,1179.0,249.0,4844.21,0.0,9.85,0.94
from_west_passenger.0.150,west,passenger,1228.0,202.0,4844.21,0.0,14.27,0.85
from_west_motorcycle.1.82,west,motorcycle,1230.0,201.0,4846.71,0.0,24.11,0.0
from_north_passenger.12.88,north,passenger,1152.0,281.0,5482.23,0.0,11.26,0.08
from_west_passenger.0.148,west,passenger,1211.0,222.0,4844.21,0.0,18.18,0.21
from_west_motorcycle.1.78,west,motorcycle,1170.0,264.0,4846.71,0.0,18.24,0.0
from_north_passenger.12.97,north,passenger,1270.0,165.0,3034.27,0.0,13.37,0.27
from_west_passenger.0.146,west,passenger,1195.0,241.0,4844.21,0.0,11.12,0.57
from_west_passenger.0.149,west,passenger,1219.0,217.0,4844.21,0.0,11.51,0.03
from_east_taxi.8.20,east,taxi,1129.0,308.0,6667.66,0.0,17.72,4.0
from_north_taxi.14.14,north,taxi,1260.0,177.0,4475.01,0.0,14.99,0.0
from_east_passenger.6.128,east,passenger,1048.0,391.0,8738.8,0.0,16.76,0.83
from_east_passenger.6.118,east,passenger,966.0,474.0,8738.8,0.0,20.86,0.64
from_east_motorcycle.7.70,east,motorcycle,1050.0,390.0,8741.3,0.0,30.9,0.0
from_north_motorcycle.13.52,north,motorcycle,1248.0,192.0,4477.51,0.0,16.86,0.0
from_north_motorcycle.13.47,north,motorcycle,1128.0,317.0,5513.16,0.0,28.27,0.0
from_west_pickup.3.11,west,pickup,1238.0,208.0,4843.71,0.0,8.73,0.5
from_west_motorcycle.1.80,west,motorcycle,1200.0,249.0,4846.71,0.0,17.33,0.0
from_south_passenger.18.99,south,passenger,1296.0,153.0,1323.37,0.0,17.38,0.09
from_west_passenger.0.151,west,passenger,1236.0,214.0,4844.21,0.0,8.69,0.67
from_south_motorcycle.19.54,south,motorcycle,1298.0,152.0,1325.87,3.0,44.16,2.0
from_west_passenger.0.147,west,passenger,1203.0,248.0,4844.21,0.0,14.95,0.39
from_west_taxi.2.22,west,taxi,1238.0,215.0,4844.21,0.0,10.22,0.5
from_south_passenger.18.89,south,passenger,1166.0,289.0,5084.15,0.0,48.91,0.99
from_west_motorcycle.1.81,west,motorcycle,1215.0,240.0,4846.71,0.0,16.14,0.0
from_north_motorcycle.13.48,north,motorcycle,1154.0,303.0,6821.42,3.0,39.69,2.0
from_west_passenger.0.152,west,passenger,1244.0,213.0,4844.21,0.0,8.04,0.49
from_east_passenger.6.136,east,passenger,1113.0,345.0,7722.22,0.0,19.38,0.38
from_east_passenger.6.130,east,passenger,1064.0,395.0,7722.22,0.0,15.95,0.47
from_east_motorcycle.7.74,east,motorcycle,1110.0,351.0,7724.72,0.0,29.29,0.0
from_west_motorcycle.1.85,west,motorcycle,1275.0,187.0,4846.71,0.0,17.81,0.0
from_south_motorcycle.19.49,south,motorcycle,1176.0,292.0,5086.65,0.0,41.28,0.0
from_north_motorcycle.13.54,north,motorcycle,1297.0,175.0,4477.51,0.0,18.79,1.0
from_east_passenger.6.147,east,passenger,1203.0,271.0,6667.66,0.0,15.27,0.39
from_north_passenger.12.99,north,passenger,1296.0,178.0,4475.01,0.0,11.99,0.09
from_south_motorcycle.19.55,south,motorcycle,1320.0,156.0,1325.87,0.0,27.0,0.0
from_north_passenger.12.95,north,passenger,1244.0,234.0,5482.23,0.0,8.64,0.45
from_east_taxi.8.19,east,taxi,1069.0,410.0,7722.22,0.0,20.79,0.25
from_west_passenger.0.153,west,passenger,1252.0,227.0,4844.21,0.0,28.56,0.31
from_east_passenger.6.131,east,passenger,1072.0,408.0,7722.22,0.0,18.91,0.29
from_west_passenger.0.154,west,passenger,1260.0,221.0,4844.21,0.0,16.22,0.13
from_south_passenger.18.102,south,passenger,1336.0,145.0,1323.37,0.0,17.18,0.82
from_west_passenger.0.145,west,passenger,1187.0,295.0,4844.21,0.0,13.88,0.75
from_north_motorcycle.13.53,north,motorcycle,1272.0,210.0,4769.84,0.0,23.51,0.0
from_east_passenger.6.127,east,passenger,1039.0,444.0,8738.8,0.0,32.58,0.01
from_south_motorcycle.19.45,south,motorcycle,1080.0,403.0,5086.65,0.0,46.11,0.0
from_west_motorcycle.1.84,west,motorcycle,1260.0,224.0,4846.71,0.0,38.64,0.0
from_west_passenger.0.155,west,passenger,1269.0,215.0,4844.21,0.0,12.96,0.94
from_south_passenger.18.93,south,passenger,1218.0,267.0,4093.79,0.0,22.73,0.63
from_west_motorcycle.1.83,west,motorcycle,1245.0,240.0,4846.71,0.0,23.9,0.0
from_west_passenger.0.157,west,passenger,1285.0,200.0,4844.21,0.0,14.35,0.58
from_south_motorcycle.19.58,south,motorcycle,1392.0,93.0,990.22,0.0,21.66,0.0
from_south_passenger.18.90,south,passenger,1179.0,307.0,5084.15,0.0,32.19,0.9
from_east_motorcycle.7.69,east,motorcycle,1035.0,452.0,8741.3,0.0,33.96,0.0
from_north_passenger.12.101,north,passenger,1323.0,164.0,4475.01,0.0,15.43,0.91
from_south_motorcycle.19.50,south,motorcycle,1200.0,288.0,5086.65,0.0,34.4,0.0
from_east_motorcycle.7.77,east,motorcycle,1156.0,335.0,6670.16,0.0,24.33,1.0
from_north_motorcycle.13.55,north,motorcycle,1320.0,171.0,4477.51,0.0,15.91,0.0
from_west_passenger.0.156,west,passenger,1277.0,215.0,4844.21,0.0,7.16,0.76
from_south_taxi.20.15,south,taxi,1350.0,142.0,1323.37,1.0,22.18,0.0
from_east_passenger.6.135,east,passenger,1105.0,392.0,8738.8,0.0,14.48,0.56
from_north_passenger.12.102,north,passenger,1336.0,165.0,4475.01,0.0,10.32,0.82
from_south_passenger.18.95,south,passenger,1244.0,258.0,4093.79,0.0,37.77,0.45
from_east_motorcycle.7.75,east,motorcycle,1125.0,379.0,6648.44,0.0,31.12,0.0
from_north_passenger.12.93,north,passenger,1218.0,287.0,5482.23,0.0,11.69,0.63
from_east_motorcycle.7.72,east,motorcycle,1081.0,426.0,8741.3,0.0,27.81,1.0
from_east_passenger.6.133,east,passenger,1089.0,419.0,8738.8,0.0,15.47,0.93
from_south_motorcycle.19.57,south,motorcycle,1368.0,144.0,1619.9,0.0,24.82,0.0
from_east_passenger.6.140,east,passenger,1146.0,369.0,7721.87,0.0,16.86,0.66
from_west_motorcycle.1.86,west,motorcycle,1290.0,227.0,4846.71,0.0,14.22,0.0
from_west_passenger.0.158,west,passenger,1293.0,225.0,4844.21,0.0,9.43,0.4
from_east_pickup.9.11,east,pickup,1238.0,281.0,6667.16,0.0,11.55,0.5
from_west_taxi.2.23,west,taxi,1294.0,225.0,4844.21,0.0,12.03,0.25
from_north_passenger.12.105,north,passenger,1375.0,144.0,3034.27,0.0,14.52,0.55
from_east_passenger.6.139,east,passenger,1138.0,382.0,7722.22,0.0,17.07,0.84
from_east_motorcycle.7.76,east,motorcycle,1140.0,380.0,8741.3,0.0,47.33,0.0
from_north_passenger.12.96,north,passenger,1257.0,265.0,5510.66,0.0,19.4,0.36
from_north_motorcycle.13.56,north,motorcycle,1344.0,178.0,4477.51,0.0,15.59,0.0
from_west_motorcycle.1.87,west,motorcycle,1305.0,218.0,4846.71,0.0,14.01,0.0
from_west_passenger.0.159,west,passenger,1301.0,224.0,4844.21,0.0,10.56,0.22
from_north_passenger.12.98,north,passenger,1283.0,244.0,5482.23,0.0,9.28,0.18
from_south_passenger.18.88,south,passenger,1152.0,377.0,5084.15,0.0,26.07,0.08
from_east_taxi.8.22,east,taxi,1239.0,293.0,6645.94,0.0,15.72,1.5
from_north_taxi.14.15,north,taxi,1351.0,182.0,4475.01,0.0,29.27,1.0
from_south_motorcycle.19.52,south,motorcycle,1248.0,289.0,5086.65,0.0,34.59,0.0
from_south_motorcycle.19.53,south,motorcycle,1272.0,267.0,5086.65,0.0,25.27,0.0
from_west_passenger.0.160,west,passenger,1309.0,231.0,4844.21,0.0,9.01,0.04
from_north_passenger.12.103,north,passenger,1349.0,192.0,4475.01,0.0,12.89,0.73
from_east_passenger.6.142,east,passenger,1162.0,380.0,7722.22,0.0,13.95,0.3
from_west_motorcycle.1.89,west,motorcycle,1335.0,209.0,4846.71,0.0,19.88,0.0
from_west_passenger.0.164,west,passenger,1342.0,203.0,4844.21,0.0,17.93,0.32
from_north_motorcycle.13.51,north,motorcycle,1224.0,322.0,6821.42,0.0,34.02,0.0
from_east_motorcycle.7.78,east,motorcycle,1171.0,377.0,7731.38,0.0,32.06,1.0
from_north_passenger.12.110,north,passenger,1440.0,108.0,2565.92,0.0,22.2,0.1
from_east_motorcycle.7.79,east,motorcycle,1185.0,364.0,7724.37,0.0,27.8,0.0
from_north_passenger.12.92,north,passenger,1205.0,344.0,6818.92,0.0,21.23,0.72
from_west_passenger.0.163,west,passenger,1334.0,217.0,4844.21,0.0,14.45,0.5
from_north_passenger.12.106,north,passenger,1388.0,167.0,4475.01,0.0,11.81,0.46
from_east_truck_light.11.5,east,truck_light,1132.0,426.0,8736.3,0.0,20.06,7.0
from_south_passenger.18.107,south,passenger,1401.0,159.0,1323.37,1.0,18.2,0.37
from_west_motorcycle.1.88,west,motorcycle,1320.0,242.0,4846.71,0.0,16.57,0.0
from_east_motorcycle.7.73,east,motorcycle,1095.0,473.0,8741.3,0.0,34.33,0.0
from_north_passenger.12.107,north,passenger,1401.0,169.0,4475.01,0.0,16.48,0.37
from_east_taxi.8.21,east,taxi,1182.0,390.0,7722.22,0.0,20.68,0.75
from_east_passenger.6.148,east,passenger,1211.0,367.0,7722.22,0.0,14.2,0.21
from_west_truck_light.5.6,west,truck_light,1356.0,222.0,4841.71,0.0,10.86,6.0
from_east_passenger.6.143,east,passenger,1170.0,409.0,7722.22,0.0,17.86,0.12
from_north_motorcycle.13.58,north,motorcycle,1392.0,187.0,4477.51,0.0,17.9,0.0
from_east_passenger.6.137,east,passenger,1121.0,459.0,8738.8,0.0,19.28,0.2
from_south_bus.22.2,south,bus,1444.0,138.0,1315.87,1.0,20.2,4.0
from_east_passenger.6.153,east,passenger,1252.0,331.0,7721.87,0.0,12.81,0.31
from_west_motorcycle.1.90,west,motorcycle,1350.0,233.0,4846.71,0.0,14.8,0.0
from_west_passenger.0.161,west,passenger,1318.0,266.0,4844.21,0.0,11.0,0.86
from_west_bus.4.3,west,bus,1353.0,232.0,4836.71,0.0,17.67,3.0
from_east_motorcycle.7.80,east,motorcycle,1200.0,386.0,7724.72,0.0,27.76,0.0
from_south_passenger.18.100,south,passenger,1309.0,278.0,5084.15,0.0,20.89,0.0
from_north_passenger.12.108,north,passenger,1414.0,173.0,4475.01,0.0,12.0,0.28
from_east_motorcycle.7.85,east,motorcycle,1275.0,314.0,6648.44,0.0,23.51,0.0
from_west_passenger.0.162,west,passenger,1326.0,263.0,4844.21,0.0,11.35,0.68
from_north_pickup.15.7,north,pickup,1260.0,330.0,6818.42,0.0,20.8,0.0
from_west_pickup.3.12,west,pickup,1353.0,238.0,4843.71,0.0,21.07,3.0
from_south_taxi.20.16,south,taxi,1450.0,141.0,1323.37,0.0,21.56,10.0
from_east_passenger.6.145,east,passenger,1187.0,405.0,7722.22,0.0,16.84,0.75
from_west_passenger.0.165,west,passenger,1350.0,242.0,4844.21,0.0,15.44,0.13
from_east_motorcycle.7.83,east,motorcycle,1245.0,348.0,7724.37,0.0,22.8,0.0
from_east_passenger.6.150,east,passenger,1228.0,367.0,7722.22,0.0,13.89,0.85
from_south_passenger.18.109,south,passenger,1427.0,168.0,1617.4,0.0,30.2,0.19
from_west_taxi.2.24,west,taxi,1354.0,243.0,4844.21,0.0,13.23,4.0
from_south_passenger.18.111,south,passenger,1455.0,142.0,1323.37,4.0,26.13,2.01
from_south_motorcycle.19.61,south,motorcycle,1464.0,137.0,1325.87,4.0,25.65,0.0
from_north_passenger.12.104,north,passenger,1362.0,240.0,5482.23,0.0,12.43,0.64
from_north_motorcycle.13.59,north,motorcycle,1416.0,190.0,4477.51,0.0,15.41,0.0
from_south_passenger.18.103,south,passenger,1349.0,260.0,4093.79,4.0,44.13,0.73
from_north_motorcycle.13.60,north,motorcycle,1445.0,165.0,3036.77,0.0,22.69,5.0
from_east_passenger.6.152,east,passenger,1244.0,367.0,7722.22,0.0,14.5,0.49
from_west_passenger.0.166,west,passenger,1359.0,253.0,4844.21,0.0,9.92,0.95
from_west_motorcycle.1.91,west,motorcycle,1365.0,248.0,4846.71,0.0,30.78,0.0
from_west_passenger.0.167,west,passenger,1367.0,246.0,4844.21,0.0,29.8,0.77
from_east_passenger.6.144,east,passenger,1179.0,435.0,8738.8,0.0,42.81,0.94
from_north_truck_light.17.4,north,truck_light,1440.0,174.0,4472.51,0.0,11.85,0.0
from_east_passenger.6.141,east,passenger,1154.0,462.0,8738.8,0.0,25.57,0.48
from_west_passenger.0.169,west,passenger,1383.0,233.0,4844.21,0.0,41.94,0.41
from_west_passenger.0.171,west,passenger,1399.0,218.0,4844.21,0.0,33.09,0.05
from_north_passenger.12.109,north,passenger,1427.0,190.0,4475.01,0.0,13.04,0.19
from_east_motorcycle.7.81,east,motorcycle,1215.0,403.0,7724.72,0.0,26.43,0.0
from_west_passenger.0.168,west,passenger,1375.0,243.0,4844.21,0.0,27.14,0.59
from_west_passenger.0.170,west,passenger,1391.0,227.0,4844.21,0.0,22.27,0.23
from_south_passenger.18.116,south,passenger,1519.0,99.0,987.72,0.0,23.64,0.56
from_east_taxi.8.23,east,taxi,1294.0,326.0,6645.94,0.0,19.31,0.25
from_west_motorcycle.1.93,west,motorcycle,1395.0,225.0,4846.71,0.0,20.99,0.0
from_east_passenger.6.151,east,passenger,1236.0,385.0,8738.8,0.0,28.99,0.67
from_west_passenger.0.172,west,passenger,1408.0,213.0,4844.21,0.0,22.2,0.87
from_north_motorcycle.13.57,north,motorcycle,1368.0,256.0,5513.16,0.0,21.24,0.0
from_west_passenger.0.174,west,passenger,1424.0,200.0,4844.21,0.0,6.54,0.51
from_south_pickup.21.8,south,pickup,1448.0,176.0,3032.07,0.0,24.5,8.0
from_north_passenger.12.112,north,passenger,1467.0,158.0,3034.27,0.0,36.94,0.92
from_north_passenger.12.100,north,passenger,1309.0,321.0,6818.92,0.0,26.79,0.0
from_west_motorcycle.1.92,west,motorcycle,1380.0,250.0,4846.71,0.0,16.49,0.0
from_east_passenger.6.161,east,passenger,1318.0,314.0,6645.94,0.0,17.73,0.86
from_west_taxi.2.25,west,taxi,1407.0,229.0,4844.21,0.0,10.74,0.75
from_east_passenger.6.158,east,passenger,1293.0,344.0,7722.22,0.0,12.04,0.4
from_north_passenger.12.111,north,passenger,1453.0,186.0,4475.01,0.0,12.4,0.01
from_south_passenger.18.104,south,passenger,1362.0,278.0,5084.15,0.0,21.45,0.64
from_west_motorcycle.1.95,west,motorcycle,1425.0,217.0,4846.71,0.0,14.08,0.0
from_south_passenger.18.119,south,passenger,1558.0,84.0,987.72,0.0,20.94,0.29
from_east_taxi.8.24,east,taxi,1355.0,289.0,6667.66,0.0,20.7,5.0
from_west_passenger.0.173,west,passenger,1416.0,229.0,4844.21,0.0,9.05,0.69
from_east_passenger.6.149,east,passenger,1219.0,429.0,8738.8,0.0,25.95,0.03
from_west_passenger.0.175,west,passenger,1432.0,217.0,4844.21,0.0,8.53,0.32
from_north_taxi.14.17,north,taxi,1530.0,119.0,2565.92,0.0,26.31,0.0
from_east_passenger.6.167,east,passenger,1367.0,286.0,6645.94,0.0,13.4,0.77
from_west_motorcycle.1.96,west,motorcycle,1440.0,215.0,4846.71,0.0,13.2,0.0
from_south_passenger.18.105,south,passenger,1375.0,285.0,5084.15,0.0,18.78,0.55
from_west_passenger.0.176,west,passenger,1440.0,220.0,4844.21,0.0,9.42,0.14
from_west_motorcycle.1.97,west,motorcycle,1455.0,206.0,4846.71,0.0,15.54,0.0
from_north_motorcycle.13.61,north,motorcycle,1464.0,197.0,4477.51,0.0,16.99,0.0
from_north_passenger.12.118,north,passenger,1545.0,117.0,2565.92,0.0,17.2,0.38
from_south_motorcycle.19.56,south,motorcycle,1344.0,319.0,5086.65,0.0,32.3,0.0
from_north_passenger.12.114,north,passenger,1493.0,170.0,4475.01,0.0,10.93,0.74
from_east_motorcycle.7.87,east,motorcycle,1305.0,359.0,7724.72,0.0,23.25,0.0
from_east_passenger.6.146,east,passenger,1195.0,473.0,8738.8,0.0,20.74,0.57
from_east_passenger.6.169,east,passenger,1383.0,286.0,6645.94,0.0,13.68,0.41
from_east_motorcycle.7.84,east,motorcycle,1261.0,409.0,8741.3,0.0,26.38,1.0
from_south_passenger.18.101,south,passenger,1323.0,348.0,5084.15,0.0,23.28,0.91
from_east_passenger.6.154,east,passenger,1260.0,412.0,8738.8,0.0,55.6,0.13
from_east_motorcycle.7.82,east,motorcycle,1230.0,444.0,7724.72,0.0,33.5,0.0
from_west_pickup.3.13,west,pickup,1463.0,211.0,4843.71,0.0,9.34,0.5
from_west_passenger.0.178,west,passenger,1457.0,222.0,4844.21,0.0,8.9,0.78
from_east_motorcycle.7.89,east,motorcycle,1335.0,347.0,7724.72,0.0,34.79,0.0
from_north_passenger.12.115,north,passenger,1506.0,179.0,4475.01,0.0,11.23,0.65
from_west_passenger.0.180,west,passenger,1473.0,213.0,4844.21,0.0,16.96,0.42
from_west_taxi.2.26,west,taxi,1464.0,224.0,4844.21,0.0,13.45,1.5
from_south_taxi.20.17,south,taxi,1530.0,159.0,3032.57,0.0,21.03,0.0
from_east_motorcycle.7.94,east,motorcycle,1410.0,282.0,6648.44,0.0,18.02,0.0
from_west_passenger.0.177,west,passenger,1449.0,243.0,4844.21,0.0,12.04,0.96
from_east_passenger.6.159,east,passenger,1301.0,393.0,7722.22,0.0,16.64,0.22
from_south_passenger.18.106,south,passenger,1388.0,306.0,5084.15,0.0,19.31,0.46
from_south_passenger.18.108,south,passenger,1414.0,282.0,5084.15,0.0,24.71,0.28
from_east_passenger.6.162,east,passenger,1326.0,371.0,8738.8,0.0,16.79,0.68
from_east_passenger.6.164,east,passenger,1342.0,358.0,7722.22,0.0,13.98,0.32
from_south_motorcycle.19.63,south,motorcycle,1512.0,189.0,3035.07,0.0,25.18,0.0
from_east_passenger.6.157,east,passenger,1285.0,419.0,7721.87,0.0,18.7,0.58
from_east_passenger.6.175,east,passenger,1432.0,272.0,6645.94,0.0,26.58,0.32
from_west_motorcycle.1.98,west,motorcycle,1470.0,236.0,4846.71,0.0,14.25,0.0
from_north_motorcycle.13.63,north,motorcycle,1512.0,194.0,4477.51,0.0,17.79,0.0
from_north_pickup.15.8,north,pickup,1447.0,260.0,5510.16,0.0,16.54,7.0
from_south_motorcycle.19.64,south,motorcycle,1536.0,176.0,1619.9,0.0,35.39,0.0
from_west_passenger.0.183,west,passenger,1498.0,215.0,4844.21,0.0,11.27,0.88
from_east_motorcycle.7.93,east,motorcycle,1395.0,320.0,6648.44,0.0,24.0,0.0
from_east_passenger.6.155,east,passenger,1269.0,448.0,7722.22,0.0,19.27,0.94
from_north_bus.16.2,north,bus,1444.0,274.0,5503.16,0.0,18.91,4.0
from_west_passenger.0.179,west,passenger,1465.0,253.0,4844.21,0.0,11.11,0.6
from_west_motorcycle.1.99,west,motorcycle,1485.0,234.0,4846.71,0.0,16.95,0.0
from_south_motorcycle.19.59,south,motorcycle,1416.0,304.0,4096.29,0.0,37.53,0.0
from_south_motorcycle.19.67,south,motorcycle,1608.0,112.0,990.22,0.0,23.36,0.0
from_east_passenger.6.156,east,passenger,1277.0,444.0,9037.14,0.0,30.36,0.76
from_south_truck_light.23.4,south,truck_light,1453.0,270.0,5081.65,0.0,29.58,13.0
from_south_passenger.18.117,south,passenger,1532.0,191.0,3032.57,0.0,19.04,0.47
from_south_passenger.18.123,south,passenger,1611.0,113.0,987.72,0.0,17.64,0.93
from_north_motorcycle.13.65,north,motorcycle,1560.0,165.0,4477.51,0.0,29.31,0.0
from_east_passenger.6.166,east,passenger,1359.0,368.0,7722.22,0.0,32.14,0.95
from_north_taxi.14.16,north,taxi,1449.0,278.0,5482.23,0.0,15.17,9.0
from_south_passenger.18.110,south,passenger,1440.0,289.0,4093.79,0.0,25.5,0.1
from_east_passenger.6.163,east,passenger,1334.0,398.0,7721.87,0.0,17.71,0.5
from_west_motorcycle.1.94,west,motorcycle,1410.0,322.0,4846.71,0.0,28.43,0.0
from_west_passenger.0.181,west,passenger,1481.0,252.0,4844.21,0.0,10.63,0.24
from_east_passenger.6.160,east,passenger,1309.0,427.0,8738.8,0.0,16.81,0.04
from_east_motorcycle.7.90,east,motorcycle,1350.0,387.0,7724.72,0.0,26.26,0.0
from_west_passenger.0.187,west,passenger,1530.0,207.0,4844.21,0.0,31.8,0.15
from_north_passenger.12.120,north,passenger,1571.0,166.0,3034.27,0.0,13.28,0.2
from_north_passenger.12.119,north,passenger,1558.0,180.0,4475.01,0.0,12.1,0.29
from_south_motorcycle.19.66,south,motorcycle,1585.0,153.0,1619.9,0.0,25.33,1.0
from_east_pickup.9.12,east,pickup,1353.0,386.0,7721.72,0.0,16.59,3.0
from_west_passenger.0.182,west,passenger,1489.0,250.0,4844.21,0.0,9.73,0.06
from_south_passenger.18.112,south,passenger,1467.0,277.0,5084.15,0.0,27.68,0.92
from_east_passenger.6.179,east,passenger,1466.0,280.0,6667.66,0.0,18.25,1.6
from_east_motorcycle.7.86,east,motorcycle,1290.0,457.0,7724.72,0.0,35.23,0.0
from_east_motorcycle.7.98,east,motorcycle,1470.0,278.0,6670.16,0.0,18.19,0.0
from_east_passenger.6.172,east,passenger,1408.0,342.0,7722.22,0.0,13.7,0.87
from_west_passenger.0.184,west,passenger,1506.0,244.0,4844.21,0.0,9.41,0.7
from_west_motorcycle.1.102,west,motorcycle,1531.0,220.0,4846.71,0.0,13.55,1.0
from_west_passenger.0.186,west,passenger,1522.0,230.0,4844.21,0.0,9.02,0.33
from_south_motorcycle.19.60,south,motorcycle,1445.0,309.0,5086.65,0.0,29.15,5.0
from_east_motorcycle.7.91,east,motorcycle,1365.0,390.0,7724.72,0.0,25.67,0.0
from_east_passenger.6.170,east,passenger,1391.0,364.0,7722.22,0.0,15.25,0.23
from_north_passenger.12.122,north,passenger,1597.0,158.0,4475.01,0.0,20.09,0.02
from_west_passenger.0.190,west,passenger,1555.0,201.0,4844.21,0.0,9.16,0.61
from_west_taxi.2.27,west,taxi,1519.0,239.0,4844.21,0.0,15.68,0.25
from_east_truck_light.11.6,east,truck_light,1358.0,401.0,7719.72,0.0,10.67,8.0
from_west_passenger.0.188,west,passenger,1539.0,225.0,4844.21,0.0,8.86,0.97
from_west_passenger.0.189,west,passenger,1547.0,217.0,4844.21,0.0,11.98,0.79
from_south_passenger.18.128,south,passenger,1676.0,90.0,987.72,0.0,14.51,0.48
from_west_passenger.0.185,west,passenger,1514.0,253.0,4844.21,0.0,12.99,0.51
from_east_passenger.6.171,east,passenger,1399.0,369.0,7722.22,0.0,14.77,0.05
from_east_passenger.6.182,east,passenger,1489.0,280.0,6645.94,0.0,13.03,0.06
from_north_motorcycle.13.66,north,motorcycle,1584.0,185.0,4477.51,0.0,16.15,0.0
from_east_bus.10.3,east,bus,1354.0,416.0,8731.3,0.0,22.69,4.0
from_west_passenger.0.191,west,passenger,1563.0,209.0,4844.21,0.0,6.92,0.43
from_north_passenger.12.113,north,passenger,1480.0,294.0,5510.66,0.0,15.97,0.83
from_west_motorcycle.1.100,west,motorcycle,1500.0,276.0,4846.71,0.0,19.95,0.0
from_west_passenger.0.193,west,passenger,1579.0,197.0,4844.21,0.0,18.29,0.07
from_north_motorcycle.13.67,north,motorcycle,1608.0,168.0,4477.51,0.0,13.73,0.0
from_south_passenger.18.127,south,passenger,1663.0,117.0,1323.37,0.0,14.29,0.57
from_east_passenger.6.168,east,passenger,1375.0,407.0,8738.8,0.0,25.71,0.59
from_east_motorcycle.7.88,east,motorcycle,1320.0,463.0,8741.3,0.0,32.04,0.0
from_west_motorcycle.1.104,west,motorcycle,1560.0,223.0,4846.71,0.0,14.31,0.0
from_north_motorcycle.13.62,north,motorcycle,1488.0,296.0,6821.42,0.0,34.82,0.0
from_east_passenger.6.185,east,passenger,1514.0,271.0,6667.66,0.0,17.59,0.51
from_west_passenger.0.192,west,passenger,1571.0,214.0,4844.21,0.0,11.41,0.25
from_west_motorcycle.1.105,west,motorcycle,1575.0,217.0,4846.71,0.0,13.62,0.0
from_south_taxi.20.18,south,taxi,1622.0,170.0,1617.4,0.0,39.61,2.0
from_west_taxi.2.28,west,taxi,1575.0,218.0,4844.21,0.0,22.89,0.0
from_east_motorcycle.7.92,east,motorcycle,1380.0,415.0,7724.37,0.0,30.28,0.0
from_west_truck_light.5.7,west,truck_light,1580.0,215.0,4841.71,0.0,8.44,5.0
from_west_motorcycle.1.103,west,motorcycle,1545.0,253.0,4846.71,0.0,16.54,0.0
from_south_passenger.18.115,south,passenger,1506.0,293.0,5084.15,0.0,25.26,0.65
from_west_pickup.3.14,west,pickup,1577.0,224.0,4843.71,0.0,14.8,2.0
from_west_passenger.0.194,west,passenger,1588.0,214.0,4844.21,0.0,13.63,0.89
from_east_taxi.8.25,east,taxi,1407.0,397.0,8738.8,0.0,27.73,0.75
from_west_motorcycle.1.106,west,motorcycle,1590.0,215.0,4846.71,0.0,19.69,0.0
from_east_passenger.6.173,east,passenger,1416.0,390.0,8738.8,0.0,52.5,0.69
from_west_motorcycle.1.101,west,motorcycle,1515.0,292.0,4846.71,0.0,23.02,0.0
from_south_passenger.18.113,south,passenger,1480.0,328.0,5084.15,0.0,29.03,0.83
from_south_passenger.18.114,south,passenger,1493.0,317.0,5084.15,0.0,28.13,0.74
from_north_passenger.12.117,north,passenger,1532.0,280.0,6818.92,0.0,18.55,0.47
from_east_passenger.6.178,east,passenger,1457.0,356.0,8738.8,0.0,16.42,0.78
from_east_passenger.6.176,east,passenger,1440.0,375.0,7722.22,0.0,14.98,0.14
from_south_motorcycle.19.70,south,motorcycle,1680.0,135.0,1325.87,0.0,20.94,0.0
from_east_motorcycle.7.106,east,motorcycle,1590.0,226.0,4705.93,0.0,20.81,0.0
from_south_motorcycle.19.62,south,motorcycle,1488.0,330.0,5086.65,0.0,32.81,0.0
from_west_passenger.0.195,west,passenger,1596.0,224.0,4844.21,0.0,8.05,0.7
from_south_passenger.18.118,south,passenger,1545.0,276.0,5084.15,0.0,22.23,0.38
from_east_passenger.6.165,east,passenger,1350.0,472.0,7722.22,0.0,22.76,0.13
from_east_passenger.6.183,east,passenger,1498.0,325.0,6645.94,0.0,15.99,0.88
from_north_passenger.12.126,north,passenger,1650.0,173.0,4475.01,0.0,20.21,0.66
from_north_motorcycle.13.68,north,motorcycle,1632.0,192.0,4477.51,0.0,36.36,0.0
from_north_passenger.12.127,north,passenger,1663.0,163.0,4475.01,0.0,11.95,0.57
from_west_passenger.0.196,west,passenger,1604.0,224.0,4844.21,0.0,8.27,0.52
from_south_passenger.18.121,south,passenger,1584.0,246.0,4093.79,0.0,23.24,0.11
from_east_passenger.6.181,east,passenger,1481.0,360.0,7721.87,0.0,17.49,0.24
from_south_passenger.18.131,south,passenger,1715.0,128.0,1323.37,0.0,21.28,0.21
from_north_passenger.12.129,north,passenger,1689.0,157.0,3034.27,0.0,21.12,0.39
from_east_passenger.6.188,east,passenger,1539.0,308.0,6645.94,0.0,15.43,0.97
from_south_passenger.18.120,south,passenger,1571.0,276.0,4093.79,0.0,23.92,0.2
from_north_passenger.12.124,north,passenger,1624.0,223.0,4475.01,0.0,15.25,0.84
from_east_taxi.8.26,east,taxi,1464.0,384.0,7722.22,0.0,18.79,1.5
from_west_motorcycle.1.107,west,motorcycle,1605.0,243.0,4846.71,0.0,15.99,0.0
from_east_passenger.6.184,east,passenger,1506.0,343.0,7722.22,0.0,27.43,0.7
from_east_passenger.6.180,east,passenger,1473.0,377.0,8738.8,0.0,36.92,0.42
from_west_passenger.0.200,west,passenger,1637.0,214.0,4844.21,0.0,21.65,0.8
from_east_passenger.6.174,east,passenger,1424.0,428.0,7722.22,0.0,17.47,0.51
from_west_motorcycle.1.109,west,motorcycle,1635.0,217.0,4846.71,0.0,33.91,0.0
from_east_pickup.9.13,east,pickup,1463.0,393.0,8738.3,0.0,27.3,0.5
from_north_motorcycle.13.64,north,motorcycle,1536.0,322.0,6821.42,0.0,39.3,0.0
from_south_motorcycle.19.65,south,motorcycle,1560.0,300.0,5086.65,0.0,28.56,0.0
from_north_passenger.12.128,north,passenger,1676.0,184.0,4475.01,0.0,11.96,0.48
from_east_pickup.9.14,east,pickup,1577.0,285.0,6667.16,0.0,11.84,2.0
from_north_passenger.12.121,north,passenger,1584.0,278.0,5482.23,0.0,11.47,0.11
from_east_motorcycle.7.96,east,motorcycle,1441.0,423.0,8741.3,0.0,33.53,1.0
from_south_passenger.18.129,south,passenger,1689.0,175.0,3032.57,0.0,16.82,0.39
from_east_passenger.6.187,east,passenger,1530.0,335.0,7721.87,0.0,17.0,0.15
from_west_passenger.0.199,west,passenger,1629.0,238.0,4844.21,0.0,19.58,0.98
from_east_passenger.6.177,east,passenger,1449.0,422.0,7722.22,0.0,17.79,0.96
from_north_motorcycle.13.71,north,motorcycle,1704.0,173.0,4477.51,0.0,14.12,0.0
from_north_taxi.14.18,north,taxi,1621.0,259.0,5510.66,0.0,16.25,1.0
from_west_passenger.0.198,west,passenger,1620.0,261.0,4844.21,0.0,10.18,0.16
from_south_passenger.18.122,south,passenger,1597.0,286.0,5084.15,0.0,34.81,0.02
from_east_passenger.6.191,east,passenger,1563.0,321.0,6645.94,0.0,14.91,0.43
from_west_taxi.2.29,west,taxi,1632.0,253.0,4844.21,0.0,12.39,0.75
from_north_passenger.12.116,north,passenger,1519.0,368.0,6818.92,0.0,28.94,0.56
from_north_passenger.12.131,north,passenger,1715.0,176.0,4475.01,0.0,18.73,0.21
from_east_motorcycle.7.101,east,motorcycle,1515.0,377.0,7724.37,0.0,25.63,0.0
from_west_passenger.0.197,west,passenger,1612.0,283.0,4844.21,0.0,12.9,0.34
from_west_passenger.0.201,west,passenger,1645.0,251.0,4844.21,0.0,10.22,0.62
from_west_motorcycle.1.110,west,motorcycle,1650.0,247.0,4846.71,0.0,29.55,0.0
from_east_motorcycle.7.99,east,motorcycle,1485.0,413.0,7731.38,0.0,33.94,0.0
from_west_passenger.0.203,west,passenger,1661.0,237.0,4844.21,0.0,20.19,0.26
from_north_taxi.14.19,north,taxi,1710.0,188.0,4475.01,0.0,12.94,0.0
from_west_passenger.0.204,west,passenger,1669.0,230.0,4844.21,0.0,26.67,0.08
from_west_taxi.2.30,west,taxi,1688.0,212.0,4844.21,0.0,13.86,0.5
from_north_pickup.15.9,north,pickup,1620.0,282.0,5510.16,0.0,26.09,0.0
from_east_motorcycle.7.95,east,motorcycle,1426.0,477.0,8741.3,0.0,34.3,1.0
from_east_motorcycle.7.100,east,motorcycle,1500.0,403.0,7724.72,0.0,27.63,0.0
from_east_passenger.6.195,east,passenger,1596.0,307.0,6667.66,0.0,11.5,0.7
from_east_motorcycle.7.97,east,motorcycle,1455.0,449.0,8741.3,0.0,31.5,0.0
from_north_passenger.12.125,north,passenger,1637.0,267.0,5510.66,0.0,34.18,0.75
from_west_passenger.0.202,west,passenger,1653.0,252.0,4844.21,0.0,10.91,0.44
from_west_passenger.0.206,west,passenger,1686.0,219.0,4844.21,0.0,24.13,0.71
from_south_pickup.21.9,south,pickup,1620.0,287.0,5083.65,0.0,43.86,0.0
from_west_pickup.3.15,west,pickup,1688.0,219.0,4843.71,0.0,19.32,0.5
from_west_passenger.0.205,west,passenger,1678.0,230.0,4844.21,0.0,13.65,0.89
from_west_passenger.0.207,west,passenger,1694.0,214.0,4844.21,0.0,10.75,0.53
from_south_motorcycle.19.68,south,motorcycle,1632.0,277.0,5086.65,0.0,71.22,0.0
from_west_motorcycle.1.112,west,motorcycle,1680.0,230.0,4846.71,0.0,17.98,0.0
from_south_passenger.18.124,south,passenger,1624.0,288.0,5084.15,0.0,29.95,0.84
from_south_motorcycle.19.69,south,motorcycle,1656.0,257.0,5086.65,0.0,29.05,0.0
from_west_motorcycle.1.113,west,motorcycle,1695.0,218.0,4846.71,0.0,13.01,0.0
from_south_motorcycle.19.73,south,motorcycle,1752.0,163.0,1325.87,0.0,28.42,0.0
from_east_taxi.8.27,east,taxi,1519.0,397.0,8738.8,0.0,19.26,0.25
from_south_passenger.18.126,south,passenger,1650.0,267.0,5084.15,0.0,25.76,0.66
from_west_motorcycle.1.111,west,motorcycle,1665.0,254.0,4846.71,0.0,17.43,0.0
from_east_passenger.6.199,east,passenger,1629.0,292.0,6667.66,0.0,10.42,0.98
from_north_passenger.12.123,north,passenger,1611.0,313.0,5510.66,0.0,20.08,0.93
from_east_motorcycle.7.105,east,motorcycle,1575.0,353.0,7731.38,0.0,28.52,0.0
from_north_motorcycle.13.74,north,motorcycle,1776.0,152.0,3036.77,0.0,25.67,0.0
from_west_passenger.0.210,west,passenger,1719.0,210.0,4844.21,0.0,11.92,0.99
from_north_motorcycle.13.69,north,motorcycle,1656.0,275.0,5513.16,0.0,23.05,0.0
from_north_passenger.12.133,north,passenger,1741.0,191.0,4475.01,0.0,11.68,0.03
from_west_motorcycle.1.115,west,motorcycle,1725.0,209.0,4846.71,0.0,11.49,0.0
from_west_passenger.0.209,west,passenger,1710.0,227.0,4844.21,0.0,8.94,0.17
from_east_truck_light.11.7,east,truck_light,1578.0,361.0,7719.72,0.0,7.53,3.0
from_east_motorcycle.7.103,east,motorcycle,1545.0,395.0,7724.72,0.0,28.59,0.0
from_north_passenger.12.130,north,passenger,1702.0,239.0,5510.66,0.0,14.76,0.3
from_west_passenger.0.208,west,passenger,1702.0,241.0,4844.21,0.0,9.83,0.35
from_east_passenger.6.196,east,passenger,1604.0,340.0,7721.87,0.0,13.31,0.52
from_east_passenger.6.186,east,passenger,1522.0,423.0,7722.22,0.0,18.43,0.33
from_east_passenger.6.189,east,passenger,1547.0,398.0,8738.8,0.0,16.43,0.79
from_south_passenger.18.141,south,passenger,1846.0,100.0,987.72,0.0,15.06,0.31
from_north_passenger.12.135,north,passenger,1768.0,179.0,4475.01,0.0,19.0,0.85
from_south_truck_light.23.5,south,truck_light,1808.0,140.0,1320.87,0.0,13.33,8.0
from_north_motorcycle.13.70,north,motorcycle,1680.0,269.0,5484.73,0.0,18.54,0.0
from_east_motorcycle.7.104,east,motorcycle,1560.0,390.0,7724.72,0.0,24.43,0.0
from_east_passenger.6.198,east,passenger,1620.0,331.0,6667.66,0.0,14.13,0.16
from_west_motorcycle.1.114,west,motorcycle,1710.0,241.0,4846.71,0.0,15.41,0.0
from_south_passenger.18.138,south,passenger,1810.0,142.0,1323.37,2.0,22.02,3.58
from_south_passenger.18.125,south,passenger,1637.0,321.0,5084.15,0.0,20.72,0.75
from_east_motorcycle.7.102,east,motorcycle,1530.0,429.0,8741.3,0.0,29.41,0.0
from_east_passenger.6.194,east,passenger,1588.0,371.0,7722.22,0.0,14.61,0.89
from_north_motorcycle.13.73,north,motorcycle,1752.0,207.0,4477.51,0.0,17.36,0.0
from_east_taxi.8.28,east,taxi,1578.0,382.0,7721.87,0.0,22.32,3.0
from_south_motorcycle.19.74,south,motorcycle,1776.0,184.0,3035.07,0.0,30.16,0.0
from_west_motorcycle.1.108,west,motorcycle,1620.0,342.0,4846.71,0.0,29.66,0.0
from_north_passenger.12.134,north,passenger,1755.0,207.0,4475.01,0.0,14.2,0.94
from_east_passenger.6.192,east,passenger,1571.0,393.0,7722.22,0.0,16.29,0.25
from_south_passenger.18.135,south,passenger,1768.0,202.0,3032.57,0.0,18.31,0.85
from_east_motorcycle.7.109,east,motorcycle,1635.0,336.0,7724.37,0.0,24.57,0.0
from_east_passenger.6.190,east,passenger,1555.0,419.0,8738.8,0.0,27.99,0.61
from_west_passenger.0.216,west,passenger,1768.0,207.0,4844.21,0.0,16.35,0.9
from_west_passenger.0.211,west,passenger,1727.0,253.0,4844.21,0.0,9.54,0.81
from_north_pickup.15.10,north,pickup,1800.0,180.0,4474.51,0.0,20.55,0.0
from_north_passenger.12.132,north,passenger,1728.0,253.0,5482.23,0.0,10.1,0.12
from_west_motorcycle.1.116,west,motorcycle,1740.0,241.0,4846.71,0.0,24.79,0.0
from_west_taxi.2.31,west,taxi,1744.0,238.0,4844.21,0.0,19.32,0.25
from_west_passenger.0.215,west,passenger,1759.0,224.0,4844.21,0.0,18.78,0.08
from_west_passenger.0.213,west,passenger,1743.0,241.0,4844.21,0.0,12.41,0.45
from_north_truck_light.17.5,north,truck_light,1802.0,183.0,4472.51,0.0,20.49,2.0
from_north_motorcycle.13.76,north,motorcycle,1824.0,161.0,4477.51,0.0,15.42,0.0
from_east_passenger.6.200,east,passenger,1637.0,350.0,7722.22,0.0,14.95,0.8
from_north_passenger.12.137,north,passenger,1794.0,193.0,4475.01,0.0,12.8,0.67
from_north_passenger.12.139,north,passenger,1820.0,167.0,4475.01,0.0,14.15,0.49
from_west_passenger.0.218,west,passenger,1784.0,205.0,4844.21,0.0,9.31,0.54
from_south_motorcycle.19.71,south,motorcycle,1704.0,287.0,4096.29,0.0,33.38,0.0
from_north_passenger.12.141,north,passenger,1846.0,145.0,3034.27,0.0,13.77,0.31
from_west_motorcycle.1.119,west,motorcycle,1785.0,207.0,4846.71,0.0,13.52,0.0
from_west_motorcycle.1.118,west,motorcycle,1770.0,223.0,4846.71,0.0,14.77,0.0
from_west_motorcycle.1.117,west,motorcycle,1755.0,240.0,4846.71,0.0,17.32,0.0
from_south_motorcycle.19.72,south,motorcycle,1730.0,266.0,5086.65,0.0,33.4,2.0
from_east_passenger.6.197,east,passenger,1612.0,385.0,8738.8,0.0,42.77,0.34
from_east_passenger.6.203,east,passenger,1661.0,336.0,7721.87,0.0,12.98,0.26
from_south_taxi.20.19,south,taxi,1710.0,287.0,5084.15,0.0,30.78,0.0
from_south_passenger.18.133,south,passenger,1741.0,257.0,5084.15,0.0,26.28,0.03
from_east_passenger.6.193,east,passenger,1580.0,419.0,7722.22,0.0,18.04,1.07
from_west_passenger.0.217,west,passenger,1776.0,226.0,4844.21,0.0,15.04,0.72
from_south_passenger.18.139,south,passenger,1820.0,182.0,3032.57,0.0,18.49,0.49
from_east_motorcycle.7.107,east,motorcycle,1605.0,399.0,8741.3,0.0,45.7,0.0
from_west_passenger.0.214,west,passenger,1751.0,253.0,4844.21,0.0,10.85,0.27
from_south_passenger.18.132,south,passenger,1728.0,278.0,5084.15,0.0,17.76,0.12
from_west_taxi.2.32,west,taxi,1800.0,207.0,4844.21,0.0,22.52,0.0
from_south_passenger.18.130,south,passenger,1702.0,309.0,5084.15,0.0,23.5,0.3
from_north_taxi.14.20,north,taxi,1801.0,212.0,4767.34,0.0,26.63,1.0
from_west_passenger.0.212,west,passenger,1735.0,280.0,4844.21,0.0,12.37,0.63
from_east_taxi.8.29,east,taxi,1632.0,384.0,7722.22,0.0,18.18,0.75
from_east_passenger.6.205,east,passenger,1678.0,338.0,7722.22,0.0,12.53,0.89
from_west_passenger.0.219,west,passenger,1792.0,224.0,4844.21,0.0,7.98,0.36
from_south_motorcycle.19.77,south,motorcycle,1848.0,168.0,3035.07,0.0,29.82,0.0
from_south_motorcycle.19.78,south,motorcycle,1873.0,150.0,1325.87,0.0,25.25,1.0
from_west_truck_light.5.8,west,truck_light,1802.0,222.0,4841.71,0.0,4.76,2.0
from_south_passenger.18.137,south,passenger,1794.0,231.0,4093.79,0.0,26.42,0.67
from_west_passenger.0.221,west,passenger,1808.0,219.0,4844.21,0.0,8.32,0.0
from_west_passenger.0.220,west,passenger,1800.0,228.0,4844.21,0.0,9.22,0.18
from_north_motorcycle.13.72,north,motorcycle,1729.0,300.0,5513.16,0.0,24.64,1.0
from_south_passenger.18.143,south,passenger,1872.0,157.0,1617.4,0.0,20.7,0.13
from_west_pickup.3.16,west,pickup,1804.0,226.0,4843.71,0.0,7.32,4.0
from_west_bus.4.4,west,bus,1803.0,229.0,4836.71,0.0,14.99,3.0
from_west_passenger.0.223,west,passenger,1825.0,208.0,4844.21,0.0,9.52,0.64
from_west_motorcycle.1.121,west,motorcycle,1815.0,222.0,4846.71,0.0,13.41,0.0
from_east_passenger.6.206,east,passenger,1686.0,356.0,7722.22,0.0,13.5,0.71
from_west_motorcycle.1.122,west,motorcycle,1830.0,212.0,4846.71,0.0,13.42,0.0
from_east_passenger.6.201,east,passenger,1645.0,402.0,8738.8,0.0,15.9,0.62
from_east_motorcycle.7.112,east,motorcycle,1680.0,375.0,7724.37,0.0,25.06,0.0
from_south_passenger.18.144,south,passenger,1885.0,173.0,3032.57,0.0,16.73,0.04
from_east_motorcycle.7.110,east,motorcycle,1650.0,409.0,7724.72,0.0,28.32,0.0
from_south_passenger.18.134,south,passenger,1755.0,304.0,5084.15,0.0,23.15,0.94
from_east_passenger.6.209,east,passenger,1710.0,353.0,7722.22,0.0,12.84,0.17
from_east_motorcycle.7.111,east,motorcycle,1665.0,400.0,7724.72,0.0,28.2,0.0
from_east_passenger.6.204,east,passenger,1669.0,397.0,7728.88,0.0,26.34,0.08
from_west_passenger.0.224,west,passenger,1833.0,233.0,4844.21,0.0,8.52,0.46
from_west_passenger.0.225,west,passenger,1841.0,225.0,4844.21,0.0,10.54,0.27
from_west_passenger.0.226,west,passenger,1849.0,218.0,4844.21,0.0,11.2,0.09
from_west_motorcycle.1.123,west,motorcycle,1845.0,224.0,4846.71,0.0,15.89,0.0
from_south_passenger.18.145,south,passenger,1899.0,170.0,3032.57,0.0,37.75,0.95
from_south_passenger.18.136,south,passenger,1781.0,289.0,5084.15,0.0,32.67,0.76
from_north_motorcycle.13.78,north,motorcycle,1872.0,198.0,4769.84,0.0,22.17,0.0
from_west_motorcycle.1.120,west,motorcycle,1804.0,268.0,4846.71,0.0,18.69,4.0
from_east_pickup.9.15,east,pickup,1688.0,385.0,7721.37,0.0,14.59,0.5
from_north_passenger.12.144,north,passenger,1885.0,189.0,4475.01,0.0,14.35,0.04
from_south_motorcycle.19.75,south,motorcycle,1800.0,275.0,5086.65,0.0,26.43,0.0
from_west_passenger.0.222,west,passenger,1817.0,258.0,4844.21,0.0,10.4,0.82
from_north_passenger.12.143,north,passenger,1872.0,203.0,4475.01,0.0,13.65,0.13
from_east_passenger.6.220,east,passenger,1800.0,280.0,6645.94,0.0,17.39,0.18
from_south_pickup.21.10,south,pickup,1803.0,277.0,5083.65,0.0,19.42,3.0
from_west_passenger.0.228,west,passenger,1866.0,214.0,4844.21,0.0,7.79,0.73
from_west_passenger.0.229,west,passenger,1874.0,207.0,4844.21,0.0,21.82,0.55
from_west_passenger.0.227,west,passenger,1858.0,228.0,4844.21,0.0,8.34,0.91
from_north_motorcycle.13.80,north,motorcycle,1920.0,169.0,4477.51,0.0,22.48,0.0
from_north_passenger.12.138,north,passenger,1807.0,283.0,5510.66,0.0,16.56,0.58
from_west_taxi.2.33,west,taxi,1857.0,233.0,4844.21,0.0,11.55,0.75
from_east_passenger.6.222,east,passenger,1817.0,274.0,6645.94,0.0,20.62,0.82
from_east_motorcycle.7.115,east,motorcycle,1725.0,367.0,7724.72,0.0,23.08,0.0
from_west_motorcycle.1.126,west,motorcycle,1890.0,202.0,4846.71,0.0,11.2,0.0
from_south_taxi.20.20,south,taxi,1805.0,291.0,5084.15,0.0,21.46,5.0
from_north_passenger.12.140,north,passenger,1833.0,264.0,5510.66,0.0,14.9,0.4
from_north_motorcycle.13.77,north,motorcycle,1848.0,250.0,5513.16,0.0,21.51,0.0
from_north_passenger.12.146,north,passenger,1912.0,187.0,4475.01,0.0,13.08,0.86
from_west_motorcycle.1.124,west,motorcycle,1860.0,240.0,4846.71,0.0,18.03,0.0
from_west_passenger.0.231,west,passenger,1890.0,213.0,4844.21,0.0,8.05,0.19
from_north_passenger.12.147,north,passenger,1925.0,179.0,4475.01,0.0,11.21,0.77
from_north_motorcycle.13.75,north,motorcycle,1800.0,305.0,6821.42,0.0,36.23,0.0
from_north_passenger.12.136,north,passenger,1781.0,325.0,6818.92,0.0,17.32,0.76
from_west_passenger.0.232,west,passenger,1898.0,208.0,4844.21,0.0,7.81,0.01
from_south_motorcycle.19.82,south,motorcycle,1968.0,138.0,1325.87,0.0,20.17,0.0
from_west_passenger.0.230,west,passenger,1882.0,227.0,4844.21,0.0,11.1,0.37
from_west_passenger.0.233,west,passenger,1907.0,203.0,4844.21,0.0,9.89,0.83
from_east_passenger.6.218,east,passenger,1784.0,330.0,5252.49,0.0,29.16,0.54
from_east_passenger.6.213,east,passenger,1743.0,372.0,7722.22,0.0,18.72,0.45
from_east_motorcycle.7.121,east,motorcycle,1815.0,301.0,6670.16,0.0,17.71,0.0
from_east_motorcycle.7.114,east,motorcycle,1710.0,407.0,8741.3,0.0,27.01,0.0
from_east_passenger.6.216,east,passenger,1768.0,351.0,7721.87,0.0,23.15,0.9
from_east_passenger.6.217,east,passenger,1776.0,344.0,7722.22,0.0,29.14,0.72
from_west_motorcycle.1.125,west,motorcycle,1875.0,245.0,4846.71,0.0,17.48,0.0
from_south_passenger.18.153,south,passenger,2003.0,117.0,1323.37,0.0,14.81,0.23
from_east_taxi.8.30,east,taxi,1689.0,432.0,8738.8,0.0,43.54,1.5
from_west_taxi.2.34,west,taxi,1913.0,209.0,4844.21,0.0,11.73,0.5
from_east_motorcycle.7.116,east,motorcycle,1740.0,386.0,8741.3,0.0,26.08,0.0
from_north_passenger.12.148,north,passenger,1938.0,188.0,4475.01,0.0,12.34,0.68
from_north_motorcycle.13.81,north,motorcycle,1944.0,183.0,4477.51,0.0,15.23,0.0
from_south_passenger.18.150,south,passenger,1964.0,164.0,3032.57,0.0,19.82,0.5
from_south_passenger.18.140,south,passenger,1833.0,296.0,5084.15,0.0,27.84,0.4
from_west_pickup.3.17,west,pickup,1913.0,216.0,4843.71,0.0,8.78,0.5
from_south_motorcycle.19.81,south,motorcycle,1944.0,187.0,3035.07,0.0,24.58,0.0
from_east_passenger.6.214,east,passenger,1751.0,381.0,7728.88,0.0,45.0,0.27
from_east_motorcycle.7.113,east,motorcycle,1695.0,438.0,7724.72,0.0,32.9,0.0
from_west_motorcycle.1.128,west,motorcycle,1920.0,216.0,4846.71,0.0,17.38,0.0
from_north_motorcycle.13.82,north,motorcycle,1968.0,168.0,4477.51,0.0,14.99,0.0
from_east_passenger.6.211,east,passenger,1727.0,411.0,7722.22,0.0,18.17,0.81
from_east_motorcycle.7.117,east,motorcycle,1755.0,384.0,7724.72,0.0,27.06,0.0
from_north_passenger.12.142,north,passenger,1859.0,281.0,5482.23,0.0,11.3,0.22
from_south_passenger.18.151,south,passenger,1977.0,165.0,3032.57,0.0,16.35,0.41
from_east_passenger.6.226,east,passenger,1849.0,295.0,6645.94,0.0,13.51,0.09
from_west_motorcycle.1.127,west,motorcycle,1905.0,240.0,4846.71,0.0,16.62,0.0
from_east_passenger.6.202,east,passenger,1653.0,495.0,8738.8,0.0,21.6,0.44
from_south_motorcycle.19.76,south,motorcycle,1824.0,325.0,5086.65,0.0,34.98,0.0
from_south_passenger.18.142,south,passenger,1859.0,290.0,5084.15,0.0,21.79,0.22
from_west_passenger.0.234,west,passenger,1915.0,234.0,4844.21,0.0,9.5,0.65
from_west_passenger.0.239,west,passenger,1956.0,194.0,4844.21,0.0,21.94,0.74
from_north_taxi.14.21,north,taxi,1890.0,263.0,5482.23,0.0,12.59,0.0
from_south_pickup.21.11,south,pickup,1980.0,177.0,3032.07,0.0,16.87,0.0
from_east_motorcycle.7.108,east,motorcycle,1621.0,539.0,8741.3,0.0,41.75,1.0
from_east_passenger.6.207,east,passenger,1694.0,466.0,8738.8,0.0,19.64,0.53
from_east_passenger.6.210,east,passenger,1719.0,442.0,7721.87,0.0,20.16,0.99
from_east_passenger.6.230,east,passenger,1882.0,279.0,6645.94,0.0,14.53,0.37
from_west_motorcycle.1.129,west,motorcycle,1935.0,233.0,4846.71,0.0,20.92,0.0
from_east_taxi.8.31,east,taxi,1744.0,426.0,8738.8,0.0,25.38,0.25
from_west_passenger.0.238,west,passenger,1948.0,223.0,4844.21,0.0,8.48,0.92
from_north_passenger.12.145,north,passenger,1899.0,273.0,5482.23,0.0,13.19,0.95
from_west_passenger.0.241,west,passenger,1972.0,200.0,4844.21,0.0,15.64,0.38
from_east_passenger.6.232,east,passenger,1898.0,275.0,6645.94,0.0,13.15,0.01
from_east_passenger.6.208,east,passenger,1702.0,472.0,7722.22,0.0,22.65,0.35
from_east_bus.10.4,east,bus,1802.0,372.0,7714.72,0.0,9.55,2.0
from_west_passenger.0.240,west,passenger,1964.0,210.0,4844.21,0.0,16.83,0.56
from_east_passenger.6.223,east,passenger,1825.0,351.0,7721.87,0.0,25.3,0.64
from_east_passenger.6.221,east,passenger,1809.0,368.0,7722.22,0.0,17.94,1.0
from_west_passenger.0.235,west,passenger,1923.0,254.0,4844.21,0.0,10.52,0.46
from_north_motorcycle.13.79,north,motorcycle,1896.0,282.0,5484.73,0.0,20.63,0.0
from_west_motorcycle.1.130,west,motorcycle,1950.0,228.0,4846.71,0.0,14.38,0.0
from_south_motorcycle.19.79,south,motorcycle,1896.0,283.0,5086.65,0.0,27.21,0.0
from_east_motorcycle.7.118,east,motorcycle,1770.0,410.0,7724.37,0.0,29.24,0.0
from_west_taxi.2.35,west,taxi,1969.0,211.0,4844.21,0.0,12.54,0.25
from_north_passenger.12.151,north,passenger,1977.0,205.0,3034.27,0.0,17.76,0.41
from_west_passenger.0.244,west,passenger,1997.0,185.0,4844.21,0.0,15.28,0.84
from_south_taxi.20.21,south,taxi,1890.0,294.0,5084.15,0.0,22.04,0.0
from_north_passenger.12.152,north,passenger,1990.0,195.0,4475.01,0.0,13.09,0.32
from_west_motorcycle.1.131,west,motorcycle,1965.0,224.0,4846.71,0.0,13.94,0.0
from_east_passenger.6.225,east,passenger,1841.0,349.0,7722.22,0.0,13.75,0.27
from_south_passenger.18.148,south,passenger,1938.0,254.0,5084.15,0.0,24.33,0.68
from_east_motorcycle.7.120,east,motorcycle,1803.0,391.0,7724.37,0.0,28.85,3.0
from_south_passenger.18.147,south,passenger,1925.0,273.0,4093.79,0.0,26.89,0.77
from_east_passenger.6.229,east,passenger,1874.0,326.0,7721.87,0.0,17.14,0.55
from_south_passenger.18.146,south,passenger,1912.0,288.0,4093.79,0.0,25.51,0.86
from_west_passenger.0.237,west,passenger,1939.0,261.0,4844.21,0.0,11.06,0.1
from_south_passenger.18.154,south,passenger,2016.0,184.0,3032.57,0.0,16.9,0.14
from_east_motorcycle.7.122,east,motorcycle,1830.0,374.0,7724.72,0.0,24.92,0.0
from_east_motorcycle.7.119,east,motorcycle,1785.0,420.0,7731.38,0.0,37.22,0.0
from_west_passenger.0.243,west,passenger,1988.0,218.0,4844.21,0.0,7.8,0.02
from_south_motorcycle.19.85,south,motorcycle,2040.0,171.0,1325.87,0.0,31.3,0.0
from_north_passenger.12.150,north,passenger,1964.0,248.0,5510.66,0.0,15.97,0.5
from_south_passenger.18.157,south,passenger,2056.0,156.0,1617.4,0.0,25.46,0.87
from_east_motorcycle.7.125,east,motorcycle,1875.0,340.0,6648.44,0.0,27.25,0.0
from_east_motorcycle.7.123,east,motorcycle,1845.0,371.0,7724.72,0.0,24.94,0.0
from_west_motorcycle.1.133,west,motorcycle,1995.0,225.0,4846.71,0.0,19.15,0.0
from_south_motorcycle.19.80,south,motorcycle,1920.0,303.0,5086.65,0.0,34.43,0.0
from_east_truck_light.11.8,east,truck_light,1809.0,415.0,8736.3,0.0,22.37,9.0
from_east_taxi.8.33,east,taxi,1857.0,367.0,7722.22,0.0,16.38,0.75
from_west_motorcycle.1.132,west,motorcycle,1980.0,245.0,4846.71,0.0,17.36,0.0
from_west_passenger.0.245,west,passenger,2005.0,221.0,4844.21,0.0,18.12,0.65
from_east_taxi.8.32,east,taxi,1806.0,421.0,8738.8,0.0,44.46,6.0
from_east_passenger.6.231,east,passenger,1890.0,338.0,7721.87,0.0,12.51,0.19
from_east_pickup.9.16,east,pickup,1805.0,424.0,8738.3,0.0,35.01,5.0
from_west_passenger.0.242,west,passenger,1980.0,251.0,4844.21,0.0,12.99,0.2
from_east_passenger.6.224,east,passenger,1833.0,399.0,7722.22,0.0,18.22,0.46
from_west_motorcycle.1.134,west,motorcycle,2010.0,222.0,4846.71,0.0,24.0,0.0
from_south_passenger.18.149,south,passenger,1951.0,282.0,5084.15,0.0,28.08,0.59
from_north_passenger.12.149,north,passenger,1951.0,285.0,5482.23,0.0,12.66,0.59
from_east_motorcycle.7.130,east,motorcycle,1950.0,288.0,6648.44,0.0,23.97,0.0
from_west_passenger.0.248,west,passenger,2029.0,210.0,4844.21,0.0,9.24,0.11
from_south_taxi.20.23,south,taxi,2071.0,169.0,3032.57,0.0,31.93,1.0
from_east_passenger.6.215,east,passenger,1759.0,482.0,8738.8,0.0,31.6,0.08
from_west_truck_light.5.9,west,truck_light,2028.0,213.0,4841.71,0.0,7.68,3.0
from_north_taxi.14.22,north,taxi,1981.0,261.0,5510.66,0.0,19.54,1.0
from_west_pickup.3.18,west,pickup,2025.0,219.0,4843.71,0.0,14.29,0.0
from_west_passenger.0.249,west,passenger,2038.0,207.0,4844.21,0.0,9.57,0.93
from_north_pickup.15.11,north,pickup,1980.0,267.0,5481.73,0.0,9.9,0.0
from_east_passenger.6.219,east,passenger,1792.0,457.0,8738.8,0.0,25.53,0.36
from_north_motorcycle.13.83,north,motorcycle,1992.0,258.0,5484.73,0.0,27.74,0.0
from_west_passenger.0.236,west,passenger,1931.0,321.0,4844.21,0.0,15.32,0.28
from_west_passenger.0.250,west,passenger,2046.0,208.0,4844.21,0.0,7.85,0.75
from_east_passenger.6.212,east,passenger,1735.0,521.0,8738.8,0.0,22.7,0.63
from_north_passenger.12.153,north,passenger,2003.0,253.0,5482.23,0.0,10.75,0.23
from_north_passenger.12.158,north,passenger,2069.0,188.0,4475.01,0.0,30.86,0.78
from_east_passenger.6.241,east,passenger,1972.0,289.0,6645.94,0.0,24.51,0.38
from_north_taxi.14.23,north,taxi,2070.0,191.0,4475.01,0.0,32.3,0.0
from_east_passenger.6.228,east,passenger,1866.0,396.0,7722.22,0.0,16.86,0.73
from_west_motorcycle.1.136,west,motorcycle,2040.0,226.0,4846.71,0.0,14.42,0.0
from_east_passenger.6.227,east,passenger,1858.0,409.0,8738.8,0.0,15.44,0.91
from_south_truck_light.23.6,south,truck_light,2172.0,98.0,985.22,0.0,17.01,12.0
from_west_passenger.0.246,west,passenger,2013.0,258.0,4844.21,0.0,10.11,0.47
from_north_passenger.12.159,north,passenger,2082.0,189.0,4475.01,0.0,13.54,0.69
from_east_taxi.8.35,east,taxi,1969.0,303.0,6645.94,0.0,18.71,0.25
from_west_motorcycle.1.137,west,motorcycle,2055.0,218.0,4846.71,0.0,11.96,0.0
from_north_motorcycle.13.86,north,motorcycle,2064.0,210.0,4477.51,0.0,18.14,0.0
from_south_taxi.20.22,south,taxi,1982.0,294.0,5084.15,0.0,22.73,2.0
from_west_passenger.0.247,west,passenger,2021.0,256.0,4844.21,0.0,9.86,0.29
from_south_motorcycle.19.83,south,motorcycle,1992.0,286.0,5086.65,0.0,29.06,0.0
from_north_motorcycle.13.84,north,motorcycle,2018.0,261.0,5513.16,0.0,22.84,2.0
from_north_passenger.12.163,north,passenger,2134.0,145.0,4475.01,0.0,11.44,0.33
from_east_motorcycle.7.124,east,motorcycle,1860.0,420.0,7724.72,0.0,31.17,0.0
from_north_passenger.12.155,north,passenger,2029.0,252.0,5482.23,0.0,9.67,0.05
from_west_passenger.0.254,west,passenger,2078.0,203.0,4844.21,0.0,18.4,0.03
from_east_passenger.6.236,east,passenger,1931.0,351.0,7722.22,0.0,14.46,0.28
from_north_motorcycle.13.88,north,motorcycle,2112.0,170.0,4477.51,0.0,13.55,0.0
from_south_passenger.18.152,south,passenger,1990.0,293.0,5084.15,0.0,18.92,0.32
from_north_passenger.12.160,north,passenger,2095.0,190.0,4767.34,0.0,19.57,0.6
from_west_passenger.0.251,west,passenger,2054.0,232.0,4844.21,0.0,13.65,0.57
from_south_passenger.18.168,south,passenger,2200.0,86.0,987.72,0.0,16.26,0.88
from_east_motorcycle.7.127,east,motorcycle,1905.0,382.0,7724.72,0.0,25.57,0.0
from_west_passenger.0.255,west,passenger,2087.0,200.0,4844.21,0.0,9.1,0.84
from_west_motorcycle.1.135,west,motorcycle,2025.0,264.0,4846.71,0.0,19.83,0.0
from_west_passenger.0.252,west,passenger,2062.0,227.0,4844.21,0.0,9.47,0.39
from_west_taxi.2.36,west,taxi,2026.0,264.0,4844.21,0.0,51.87,1.0
from_north_passenger.12.156,north,passenger,2043.0,248.0,5482.23,0.0,23.61,0.96
from_east_passenger.6.240,east,passenger,1964.0,328.0,7721.87,0.0,17.31,0.56
from_south_passenger.18.156,south,passenger,2043.0,250.0,4093.79,0.0,48.44,0.96
from_east_motorcycle.7.126,east,motorcycle,1890.0,407.0,7724.37,0.0,27.77,0.0
from_east_motorcycle.7.129,east,motorcycle,1935.0,362.0,7724.72,0.0,26.02,0.0
from_east_passenger.6.233,east,passenger,1907.0,392.0,7722.22,0.0,17.78,0.83
from_north_passenger.12.157,north,passenger,2056.0,243.0,5510.66,0.0,19.06,0.87
from_west_taxi.2.37,west,taxi,2082.0,217.0,4844.21,0.0,10.33,0.75
from_south_passenger.18.165,south,passenger,2160.0,139.0,1323.37,0.0,15.64,0.15
from_east_motorcycle.7.133,east,motorcycle,1995.0,307.0,7724.37,0.0,21.64,0.0
from_west_motorcycle.1.141,west,motorcycle,2115.0,188.0,4846.71,0.0,18.81,0.0
from_south_pickup.21.12,south,pickup,2168.0,135.0,1322.87,1.0,21.09,8.0
from_west_passenger.0.257,west,passenger,2103.0,201.0,4844.21,0.0,12.75,0.48
from_east_pickup.9.18,east,pickup,2028.0,278.0,6667.16,0.0,10.81,3.0
from_north_motorcycle.13.85,north,motorcycle,2040.0,266.0,5513.16,0.0,25.25,0.0
from_north_passenger.12.164,north,passenger,2147.0,159.0,3034.27,1.0,20.34,0.24
from_south_motorcycle.19.84,south,motorcycle,2018.0,289.0,5086.65,0.0,32.51,2.0
from_west_passenger.0.256,west,passenger,2095.0,214.0,4844.21,0.0,9.02,0.66
from_west_passenger.0.253,west,passenger,2070.0,245.0,4844.21,0.0,9.82,0.21
from_west_motorcycle.1.139,west,motorcycle,2085.0,230.0,4846.71,0.0,14.52,0.0
from_west_motorcycle.1.140,west,motorcycle,2100.0,217.0,4846.71,0.0,13.79,0.0
from_south_passenger.18.163,south,passenger,2134.0,183.0,3032.57,0.0,18.55,0.33
from_east_passenger.6.237,east,passenger,1939.0,379.0,7722.22,0.0,15.41,0.1
from_west_passenger.0.258,west,passenger,2111.0,208.0,4844.21,0.0,12.88,0.3
from_east_passenger.6.238,east,passenger,1948.0,372.0,8738.8,0.0,18.5,0.92
from_west_motorcycle.1.138,west,motorcycle,2070.0,251.0,4846.71,0.0,16.75,0.0
from_west_passenger.0.259,west,passenger,2119.0,202.0,4844.21,0.0,14.59,0.12
from_east_passenger.6.252,east,passenger,2062.0,260.0,6645.94,0.0,17.59,0.39
from_south_motorcycle.19.91,south,motorcycle,2184.0,140.0,1325.87,0.0,22.56,0.0
from_east_passenger.6.242,east,passenger,1980.0,350.0,7722.22,0.0,12.0,0.2
from_east_pickup.9.17,east,pickup,1913.0,421.0,7721.72,0.0,15.79,0.5
from_north_passenger.12.165,north,passenger,2160.0,174.0,3034.27,0.0,19.22,0.15
from_south_passenger.18.155,south,passenger,2029.0,306.0,5084.15,0.0,18.65,0.05
from_east_passenger.6.234,east,passenger,1917.0,419.0,8738.8,0.0,16.01,2.65
from_east_passenger.6.243,east,passenger,1988.0,348.0,7722.22,0.0,13.0,0.02
from_south_bus.22.3,south,bus,2163.0,174.0,3025.07,0.0,17.58,3.0
from_south_taxi.20.24,south,taxi,2169.0,168.0,3032.57,0.0,28.6,9.0
from_east_passenger.6.245,east,passenger,2005.0,334.0,7722.22,0.0,12.55,0.65
from_south_motorcycle.19.90,south,motorcycle,2165.0,175.0,3035.07,0.0,21.55,5.0
from_north_passenger.12.154,north,passenger,2016.0,327.0,5482.23,0.0,14.46,0.14
from_west_motorcycle.1.142,west,motorcycle,2130.0,214.0,4846.71,0.0,12.54,0.0
from_east_passenger.6.235,east,passenger,1923.0,422.0,7721.87,0.0,18.94,0.46
from_west_pickup.3.19,west,pickup,2138.0,212.0,4843.71,0.0,5.82,0.5
from_north_bus.16.3,north,bus,2160.0,191.0,4467.51,0.0,11.27,0.0
from_west_passenger.0.262,west,passenger,2144.0,208.0,4844.21,0.0,7.19,0.58
from_east_taxi.8.34,east,taxi,1915.0,438.0,7722.22,0.0,24.88,2.5
from_north_taxi.14.24,north,taxi,2164.0,192.0,4475.01,0.0,23.52,4.0
from_west_motorcycle.1.144,west,motorcycle,2160.0,201.0,4846.71,0.0,14.59,0.0
from_north_passenger.12.162,north,passenger,2121.0,241.0,5482.23,0.0,16.27,0.42
from_north_motorcycle.13.90,north,motorcycle,2161.0,201.0,4477.51,0.0,18.93,1.0
from_west_passenger.0.261,west,passenger,2136.0,228.0,4844.21,0.0,8.53,0.76
from_west_passenger.0.260,west,passenger,2128.0,239.0,4844.21,0.0,9.27,0.94
from_west_passenger.0.263,west,passenger,2152.0,215.0,4844.21,0.0,11.23,0.4
from_south_passenger.18.158,south,passenger,2069.0,300.0,5084.15,0.0,33.06,0.78
from_east_passenger.6.256,east,passenger,2095.0,274.0,6645.94,0.0,12.55,0.66
from_west_taxi.2.38,west,taxi,2138.0,234.0,4844.21,0.0,10.98,0.5
from_west_motorcycle.1.143,west,motorcycle,2145.0,228.0,4846.71,0.0,16.1,0.0
from_west_passenger.0.264,west,passenger,2160.0,220.0,4844.21,0.0,7.97,0.22
from_north_motorcycle.13.92,north,motorcycle,2208.0,172.0,4477.51,0.0,14.45,0.0
from_east_motorcycle.7.131,east,motorcycle,1965.0,416.0,7724.72,0.0,28.26,0.0
from_south_passenger.18.161,south,passenger,2108.0,275.0,5084.15,0.0,21.14,0.51
from_south_motorcycle.19.88,south,motorcycle,2112.0,272.0,5086.65,0.0,26.0,0.0
from_south_passenger.18.176,south,passenger,2304.0,81.0,987.72,0.0,12.8,0.16
from_east_passenger.6.239,east,passenger,1956.0,430.0,8738.8,0.0,30.12,0.74
from_south_motorcycle.19.86,south,motorcycle,2064.0,322.0,5086.65,0.0,37.04,0.0
from_west_passenger.0.265,west,passenger,2168.0,223.0,4844.21,0.0,7.8,0.03
from_west_passenger.0.266,west,passenger,2177.0,215.0,4844.21,0.0,9.23,0.85
from_south_passenger.18.159,south,passenger,2082.0,311.0,5084.15,0.0,19.65,0.69
from_north_passenger.12.161,north,passenger,2108.0,285.0,5510.66,0.0,15.77,0.51
from_east_passenger.6.246,east,passenger,2013.0,381.0,7722.22,0.0,15.76,0.47
from_south_passenger.18.169,south,passenger,2213.0,181.0,1617.4,0.0,25.34,0.79
from_north_passenger.12.169,north,passenger,2213.0,182.0,4475.01,0.0,13.02,0.79
from_south_motorcycle.19.87,south,motorcycle,2088.0,308.0,5086.65,0.0,27.82,0.0
from_south_motorcycle.19.94,south,motorcycle,2256.0,140.0,1325.87,1.0,36.23,0.0
from_south_passenger.18.170,south,passenger,2226.0,172.0,3032.57,0.0,16.59,0.7
from_south_passenger.18.162,south,passenger,2121.0,278.0,5084.15,0.0,17.91,0.42
from_east_passenger.6.249,east,passenger,2038.0,364.0,7722.22,0.0,14.64,0.93
from_north_passenger.12.176,north,passenger,2304.0,99.0,2565.92,0.0,10.99,0.16
from_south_passenger.18.160,south,passenger,2095.0,312.0,5084.15,0.0,21.49,0.6
from_north_motorcycle.13.87,north,motorcycle,2088.0,321.0,5513.16,0.0,29.12,0.0
from_west_motorcycle.1.145,west,motorcycle,2175.0,234.0,4846.71,0.0,14.97,0.0
from_east_passenger.6.250,east,passenger,2046.0,365.0,7721.87,0.0,14.72,0.75
from_east_passenger.6.257,east,passenger,2103.0,309.0,6645.94,0.0,15.05,0.48
from_west_passenger.0.267,west,passenger,2185.0,227.0,4844.21,0.0,8.31,0.67
from_east_taxi.8.37,east,taxi,2082.0,331.0,7721.87,0.0,14.0,0.75
from_west_taxi.2.39,west,taxi,2194.0,222.0,4844.21,0.0,9.63,0.25
from_west_passenger.0.269,west,passenger,2201.0,215.0,4844.21,0.0,10.72,0.31
from_north_passenger.12.172,north,passenger,2252.0,164.0,3034.27,1.0,16.09,0.52
from_east_passenger.6.248,east,passenger,2033.0,385.0,8738.8,0.0,47.36,4.11
from_west_passenger.0.270,west,passenger,2209.0,210.0,4844.21,0.0,10.96,0.13
from_south_taxi.20.25,south,taxi,2250.0,169.0,3032.57,0.0,23.78,0.0
from_north_motorcycle.13.89,north,motorcycle,2136.0,284.0,5484.73,0.0,18.99,0.0
from_north_passenger.12.171,north,passenger,2239.0,181.0,4475.01,0.0,11.74,0.61
from_west_passenger.0.268,west,passenger,2193.0,228.0,4844.21,0.0,12.58,0.49
from_north_taxi.14.25,north,taxi,2250.0,171.0,4475.01,0.0,12.37,0.0
from_east_motorcycle.7.128,east,motorcycle,1920.0,502.0,8741.3,0.0,35.45,0.0
from_east_motorcycle.7.132,east,motorcycle,1980.0,442.0,7724.72,0.0,33.02,0.0
from_east_passenger.6.251,east,passenger,2054.0,368.0,7722.22,0.0,15.02,0.57
from_south_motorcycle.19.89,south,motorcycle,2136.0,286.0,5086.65,0.0,36.69,0.0
from_south_passenger.18.178,south,passenger,2331.0,92.0,987.72,0.0,23.06,0.98
from_south_passenger.18.164,south,passenger,2147.0,277.0,4093.79,0.0,26.42,0.24
from_north_motorcycle.13.94,north,motorcycle,2256.0,168.0,3036.77,0.0,18.41,0.0
from_east_truck_light.11.9,east,truck_light,2032.0,393.0,8736.3,0.0,14.88,7.0
from_east_passenger.6.247,east,passenger,2021.0,407.0,7722.22,0.0,17.77,0.29
from_east_motorcycle.7.144,east,motorcycle,2161.0,268.0,6648.44,0.0,17.98,1.0
from_south_motorcycle.19.93,south,motorcycle,2232.0,198.0,3035.07,0.0,25.37,0.0
from_west_passenger.0.274,west,passenger,2242.0,188.0,4844.21,0.0,8.5,0.41
from_north_passenger.12.174,north,passenger,2278.0,153.0,3034.27,0.0,23.85,0.34
from_east_taxi.8.36,east,taxi,2029.0,404.0,8738.8,0.0,22.75,4.0
from_east_motorcycle.7.137,east,motorcycle,2055.0,378.0,7724.72,0.0,25.36,0.0
from_north_pickup.15.12,north,pickup,2163.0,271.0,5481.73,0.0,25.83,3.0
from_south_pickup.21.13,south,pickup,2340.0,94.0,987.22,0.0,14.91,0.0
from_north_truck_light.17.6,north,truck_light,2166.0,270.0,5479.73,0.0,18.97,6.0
from_west_motorcycle.1.147,west,motorcycle,2205.0,231.0,4846.71,0.0,14.28,0.0
from_west_passenger.0.273,west,passenger,2234.0,202.0,4844.21,0.0,7.28,0.59
from_east_motorcycle.7.138,east,motorcycle,2071.0,371.0,7724.72,0.0,24.5,1.0
from_east_passenger.6.253,east,passenger,2070.0,374.0,8738.8,0.0,19.76,0.21
from_east_passenger.6.263,east,passenger,2152.0,292.0,6645.94,0.0,14.56,0.4
from_east_motorcycle.7.134,east,motorcycle,2010.0,435.0,8741.3,0.0,28.6,0.0
from_south_motorcycle.19.96,south,motorcycle,2305.0,140.0,3035.07,0.0,23.42,1.0
from_west_passenger.0.271,west,passenger,2218.0,230.0,4844.21,0.0,8.64,0.95
from_south_passenger.18.166,south,passenger,2174.0,278.0,5084.15,0.0,25.18,1.06
from_north_motorcycle.13.95,north,motorcycle,2280.0,172.0,4477.51,0.0,16.41,0.0
from_south_motorcycle.19.92,south,motorcycle,2208.0,245.0,5086.65,0.0,27.91,0.0
from_west_motorcycle.1.146,west,motorcycle,2190.0,265.0,4846.71,0.0,18.95,0.0
from_west_passenger.0.272,west,passenger,2226.0,229.0,4844.21,0.0,9.72,0.77
from_east_passenger.6.244,east,passenger,1997.0,462.0,7722.22,0.0,20.96,0.84
from_west_motorcycle.1.148,west,motorcycle,2220.0,240.0,4846.71,0.0,16.12,0.0
from_east_motorcycle.7.136,east,motorcycle,2040.0,421.0,7724.72,0.0,30.39,0.0
from_west_motorcycle.1.149,west,motorcycle,2235.0,226.0,4846.71,0.0,15.26,0.0
from_north_passenger.12.166,north,passenger,2173.0,290.0,5510.66,0.0,17.45,0.06
from_west_taxi.2.40,west,taxi,2250.0,213.0,4844.21,0.0,8.9,0.0
from_east_motorcycle.7.140,east,motorcycle,2100.0,364.0,7724.72,0.0,23.08,0.0
from_north_passenger.12.173,north,passenger,2265.0,199.0,4475.01,0.0,12.99,0.43
from_east_motorcycle.7.135,east,motorcycle,2025.0,443.0,7724.72,0.0,33.85,0.0
from_south_passenger.18.167,south,passenger,2187.0,282.0,4093.79,0.0,24.1,0.97
from_west_truck_light.5.10,west,truck_light,2256.0,213.0,4841.71,0.0,4.78,6.0
from_west_passenger.0.275,west,passenger,2250.0,220.0,4844.21,0.0,8.2,0.22
from_east_passenger.6.262,east,passenger,2144.0,327.0,7721.87,0.0,33.93,0.58
from_west_passenger.0.277,west,passenger,2267.0,205.0,4844.21,0.0,9.19,0.86
from_west_bus.4.5,west,bus,2253.0,222.0,4836.71,0.0,7.5,3.0
from_north_passenger.12.168,north,passenger,2200.0,279.0,5510.66,0.0,16.85,0.88
from_north_passenger.12.170,north,passenger,2226.0,254.0,5482.23,0.0,10.62,0.7
from_west_motorcycle.1.150,west,motorcycle,2253.0,228.0,4846.71,0.0,14.37,3.0
from_north_motorcycle.13.91,north,motorcycle,2184.0,302.0,5513.16,0.0,27.22,0.0
from_west_passenger.0.276,west,passenger,2258.0,229.0,4844.21,0.0,9.26,0.04
from_east_passenger.6.267,east,passenger,2185.0,308.0,7721.87,0.0,10.82,0.67
from_north_motorcycle.13.97,north,motorcycle,2328.0,165.0,4477.51,0.0,13.71,0.0
from_east_taxi.8.39,east,taxi,2194.0,303.0,6667.66,0.0,34.31,0.25
from_north_passenger.12.183,north,passenger,2396.0,102.0,2565.92,0.0,11.08,0.53
from_east_motorcycle.7.141,east,motorcycle,2115.0,384.0,7724.72,0.0,27.22,0.0
from_east_motorcycle.7.142,east,motorcycle,2130.0,369.0,7724.72,0.0,31.59,0.0
from_south_motorcycle.19.97,south,motorcycle,2328.0,172.0,3035.07,0.0,24.37,0.0
from_east_pickup.9.19,east,pickup,2138.0,363.0,7721.37,0.0,16.5,0.5
from_west_pickup.3.20,west,pickup,2255.0,249.0,4843.71,0.0,9.76,5.0
from_west_motorcycle.1.151,west,motorcycle,2265.0,240.0,4846.71,0.0,29.03,0.0
from_west_passenger.0.279,west,passenger,2283.0,223.0,4844.21,0.0,47.28,0.5
from_east_passenger.6.259,east,passenger,2119.0,389.0,8738.8,0.0,50.66,0.12
from_west_motorcycle.1.152,west,motorcycle,2280.0,228.0,4846.71,0.0,15.91,0.0
from_west_passenger.0.281,west,passenger,2299.0,209.0,4844.21,0.0,8.64,0.14
from_west_taxi.2.41,west,taxi,2307.0,204.0,4844.21,0.0,10.48,0.75
from_south_passenger.18.172,south,passenger,2252.0,261.0,5084.15,0.0,27.52,0.52
from_south_passenger.18.171,south,passenger,2239.0,275.0,5084.15,0.0,40.37,0.61
from_west_passenger.0.280,west,passenger,2291.0,224.0,4844.21,0.0,7.78,0.32
from_east_passenger.6.260,east,passenger,2128.0,390.0,7722.22,0.0,17.63,0.94
from_east_passenger.6.254,east,passenger,2078.0,443.0,7722.22,0.0,20.25,0.03
from_north_motorcycle.13.93,north,motorcycle,2232.0,292.0,5513.16,0.0,25.63,0.0
from_north_passenger.12.175,north,passenger,2291.0,234.0,5482.23,0.0,20.21,0.25
from_south_passenger.18.183,south,passenger,2396.0,129.0,1323.37,0.0,13.63,0.53
from_east_passenger.6.268,east,passenger,2193.0,334.0,7722.22,0.0,21.67,0.49
from_north_passenger.12.167,north,passenger,2187.0,342.0,6818.92,0.0,24.53,0.97
from_east_passenger.6.273,east,passenger,2234.0,299.0,6645.94,0.0,13.11,0.59
from_south_passenger.18.181,south,passenger,2370.0,163.0,3032.57,0.0,16.79,0.71
from_south_motorcycle.19.99,south,motorcycle,2376.0,158.0,3035.07,0.0,22.45,0.0
from_south_passenger.18.173,south,passenger,2265.0,276.0,4093.79,0.0,23.89,0.43
from_west_passenger.0.278,west,passenger,2275.0,266.0,4844.21,0.0,10.96,0.68
from_east_motorcycle.7.139,east,motorcycle,2085.0,458.0,8741.3,0.0,31.2,0.0
from_south_motorcycle.19.100,south,motorcycle,2400.0,144.0,1325.87,0.0,22.32,0.0
from_south_passenger.18.184,south,passenger,2409.0,137.0,1323.37,1.0,17.58,0.44
from_east_passenger.6.265,east,passenger,2168.0,379.0,7722.22,0.0,16.71,0.03
from_east_passenger.6.261,east,passenger,2136.0,412.0,7722.22,0.0,18.25,0.76
from_east_passenger.6.271,east,passenger,2218.0,330.0,7721.87,0.0,24.41,0.95
from_west_motorcycle.1.154,west,motorcycle,2310.0,239.0,4846.71,0.0,15.59,0.0
from_east_motorcycle.7.149,east,motorcycle,2235.0,315.0,7724.37,0.0,20.04,0.0
from_east_passenger.6.255,east,passenger,2087.0,465.0,7722.22,0.0,20.75,0.84
from_west_motorcycle.1.155,west,motorcycle,2325.0,228.0,4846.71,0.0,18.07,0.0
from_south_motorcycle.19.95,south,motorcycle,2280.0,275.0,5086.65,0.0,34.58,0.0
from_west_motorcycle.1.153,west,motorcycle,2295.0,263.0,4846.71,0.0,18.19,0.0
from_east_taxi.8.40,east,taxi,2256.0,303.0,6645.94,0.0,20.12,6.0
from_east_passenger.6.274,east,passenger,2242.0,318.0,7721.87,0.0,11.98,0.41
from_west_passenger.0.286,west,passenger,2340.0,220.0,4844.21,0.0,8.66,0.23
from_north_motorcycle.13.99,north,motorcycle,2376.0,185.0,4477.51,0.0,16.21,0.0
from_east_motorcycle.7.145,east,motorcycle,2175.0,387.0,7724.72,0.0,26.96,0.0
from_north_passenger.12.180,north,passenger,2357.0,205.0,4475.01,0.0,13.29,0.8
from_east_passenger.6.280,east,passenger,2291.0,272.0,6645.94,0.0,21.82,0.32
from_west_passenger.0.283,west,passenger,2316.0,249.0,4844.21,0.0,12.49,0.78
from_west_passenger.0.284,west,passenger,2324.0,242.0,4844.21,0.0,11.17,0.6
from_west_motorcycle.1.156,west,motorcycle,2340.0,227.0,4846.71,0.0,17.88,0.0
from_south_passenger.18.174,south,passenger,2278.0,292.0,5084.15,0.0,20.31,0.34
from_west_passenger.0.282,west,passenger,2308.0,262.0,4844.21,0.0,11.82,0.96
from_south_passenger.18.187,south,passenger,2448.0,122.0,1323.37,1.0,13.02,0.17
from_east_motorcycle.7.146,east,motorcycle,2190.0,381.0,7724.37,0.0,25.83,0.0
from_west_pickup.3.21,west,pickup,2363.0,209.0,4843.71,0.0,15.95,0.5
from_west_passenger.0.285,west,passenger,2332.0,241.0,4844.21,0.0,9.22,0.41
from_east_taxi.8.38,east,taxi,2138.0,436.0,9037.14,0.0,37.03,0.5
from_west_taxi.2.42,west,taxi,2364.0,213.0,4844.21,0.0,19.29,1.5
from_east_passenger.6.270,east,passenger,2209.0,369.0,7722.22,0.0,14.93,0.13
from_west_passenger.0.287,west,passenger,2348.0,230.0,4844.21,0.0,8.92,0.05
from_west_passenger.0.289,west,passenger,2366.0,212.0,4844.21,0.0,9.89,1.69
from_south_passenger.18.177,south,passenger,2317.0,263.0,5084.15,0.0,15.79,0.07
from_south_passenger.18.175,south,passenger,2291.0,292.0,5084.15,0.0,17.77,0.25
from_west_passenger.0.291,west,passenger,2381.0,205.0,4844.21,0.0,16.65,0.33
from_north_passenger.12.179,north,passenger,2344.0,245.0,5510.66,0.0,16.13,0.89
from_west_passenger.0.288,west,passenger,2357.0,232.0,4844.21,0.0,8.66,0.87
from_west_motorcycle.1.158,west,motorcycle,2370.0,220.0,4846.71,0.0,14.4,0.0
from_east_passenger.6.264,east,passenger,2160.0,433.0,7722.22,0.0,19.48,0.22
from_east_motorcycle.7.154,east,motorcycle,2310.0,284.0,6670.16,0.0,28.1,0.0
from_south_passenger.18.189,south,passenger,2475.0,121.0,987.72,0.0,52.4,0.99
from_west_passenger.0.292,west,passenger,2389.0,209.0,4844.21,0.0,7.35,0.15
from_west_motorcycle.1.157,west,motorcycle,2355.0,244.0,4846.71,0.0,17.09,0.0
from_east_motorcycle.7.143,east,motorcycle,2145.0,455.0,8741.3,0.0,30.67,0.0
from_west_passenger.0.290,west,passenger,2373.0,230.0,4844.21,0.0,8.08,0.51
from_south_taxi.20.27,south,taxi,2430.0,174.0,3032.57,0.0,24.79,0.0
from_west_motorcycle.1.160,west,motorcycle,2400.0,205.0,4846.71,0.0,12.15,0.0
from_east_passenger.6.272,east,passenger,2226.0,381.0,8738.8,0.0,14.99,0.77
from_east_passenger.6.275,east,passenger,2250.0,357.0,7722.22,0.0,26.01,0.22
from_south_passenger.18.192,south,passenger,2514.0,93.0,987.72,0.0,25.67,0.72
from_north_pickup.15.13,north,pickup,2340.0,268.0,5510.16,0.0,24.23,0.0
from_north_taxi.14.27,north,taxi,2430.0,178.0,4475.01,0.0,12.99,0.0
from_east_motorcycle.7.148,east,motorcycle,2220.0,390.0,8741.3,0.0,27.43,0.0
from_east_motorcycle.7.147,east,motorcycle,2205.0,407.0,7724.72,0.0,29.97,0.0
from_north_passenger.12.177,north,passenger,2317.0,298.0,5510.66,0.0,20.07,0.07
from_west_passenger.0.293,west,passenger,2398.0,218.0,4844.21,0.0,11.47,0.97
from_north_taxi.14.26,north,taxi,2341.0,276.0,5510.66,0.0,20.36,1.0
from_south_taxi.20.26,south,taxi,2342.0,275.0,5084.15,0.0,25.1,2.0
from_south_motorcycle.19.98,south,motorcycle,2352.0,266.0,4096.29,0.0,31.35,0.0
from_east_taxi.8.41,east,taxi,2307.0,312.0,6667.66,0.0,14.59,0.75
from_east_truck_light.11.10,east,truck_light,2252.0,368.0,7719.72,0.0,15.33,2.0
from_south_pickup.21.14,south,pickup,2522.0,98.0,987.22,0.0,23.05,2.0
from_west_motorcycle.1.161,west,motorcycle,2415.0,207.0,4846.71,0.0,14.86,0.0
from_east_passenger.6.266,east,passenger,2177.0,449.0,8738.8,0.0,31.5,0.85
from_north_passenger.12.182,north,passenger,2383.0,246.0,5482.23,0.0,9.51,0.62
from_east_passenger.6.278,east,passenger,2275.0,357.0,7722.22,0.0,16.48,0.68
from_south_passenger.18.179,south,passenger,2344.0,288.0,5084.15,0.0,26.4,0.89
from_north_motorcycle.13.96,north,motorcycle,2305.0,331.0,6821.42,0.0,30.25,1.0
from_west_passenger.0.298,west,passenger,2438.0,199.0,4844.21,0.0,15.02,0.06
from_west_taxi.2.43,west,taxi,2419.0,221.0,4844.21,0.0,13.7,0.25
from_east_taxi.8.42,east,taxi,2363.0,279.0,6645.94,0.0,17.74,0.5
from_north_passenger.12.181,north,passenger,2370.0,274.0,5510.66,3.0,24.49,0.71
from_east_pickup.9.20,east,pickup,2255.0,391.0,7721.37,0.0,20.9,5.0
from_north_motorcycle.13.98,north,motorcycle,2352.0,294.0,5484.73,0.0,28.19,0.0
from_west_passenger.0.295,west,passenger,2414.0,232.0,4844.21,0.0,11.9,0.6
from_north_passenger.12.188,north,passenger,2461.0,185.0,4475.01,0.0,12.07,0.08
from_east_passenger.6.281,east,passenger,2299.0,349.0,7722.22,0.0,14.12,0.14
from_west_passenger.0.297,west,passenger,2430.0,218.0,4844.21,0.0,8.1,0.24
from_west_motorcycle.1.163,west,motorcycle,2445.0,206.0,4846.71,0.0,13.4,0.0
from_north_passenger.12.189,north,passenger,2475.0,176.0,4475.01,0.0,18.75,0.99
from_west_motorcycle.1.164,west,motorcycle,2460.0,194.0,4846.71,0.0,25.04,0.0
from_east_passenger.6.269,east,passenger,2201.0,454.0,8738.8,0.0,20.75,0.31
from_north_motorcycle.13.103,north,motorcycle,2472.0,184.0,4477.51,0.0,16.05,0.0
from_west_motorcycle.1.159,west,motorcycle,2385.0,275.0,4846.71,0.0,21.6,0.0
from_south_passenger.18.180,south,passenger,2357.0,305.0,5084.15,0.0,22.24,0.8
from_south_passenger.18.182,south,passenger,2383.0,279.0,5084.15,0.0,20.41,0.62
from_east_passenger.6.258,east,passenger,2111.0,553.0,7722.22,0.0,29.61,0.3
from_east_bus.10.5,east,bus,2252.0,413.0,8731.3,0.0,19.16,2.0
from_east_motorcycle.7.151,east,motorcycle,2265.0,400.0,8741.3,0.0,36.07,0.0
from_east_passenger.6.282,east,passenger,2308.0,362.0,7721.87,0.0,17.78,0.96
from_south_passenger.18.191,south,passenger,2501.0,169.0,1323.37,0.0,30.53,0.81
from_east_passenger.6.285,east,passenger,2332.0,339.0,7722.22,0.0,15.04,0.41
from_west_motorcycle.1.162,west,motorcycle,2430.0,241.0,4846.71,0.0,17.5,0.0
from_west_motorcycle.1.165,west,motorcycle,2475.0,197.0,4846.71,0.0,11.55,0.0
from_south_truck_light.23.7,south,truck_light,2527.0,145.0,1320.87,1.0,26.23,7.0
from_west_passenger.0.294,west,passenger,2406.0,269.0,4844.21,0.0,11.73,0.79
from_west_passenger.0.300,west,passenger,2455.0,221.0,4844.21,0.0,15.0,0.7
from_south_motorcycle.19.106,south,motorcycle,2544.0,132.0,1325.87,0.0,22.13,0.0
from_west_passenger.0.304,west,passenger,2488.0,189.0,4844.21,0.0,19.08,0.98
from_south_motorcycle.19.104,south,motorcycle,2496.0,181.0,1325.87,0.0,31.34,0.0
from_east_passenger.6.283,east,passenger,2316.0,362.0,7722.22,0.0,14.96,0.78
from_west_passenger.0.296,west,passenger,2422.0,258.0,4844.21,0.0,10.93,0.42
from_east_motorcycle.7.150,east,motorcycle,2253.0,428.0,8741.3,0.0,28.13,3.0
from_east_motorcycle.7.153,east,motorcycle,2295.0,386.0,7724.37,0.0,27.75,0.0
from_north_passenger.12.178,north,passenger,2331.0,351.0,5482.23,0.0,17.88,0.98
from_west_passenger.0.301,west,passenger,2463.0,219.0,4844.21,0.0,8.95,0.52
from_north_passenger.12.185,north,passenger,2422.0,262.0,5510.66,0.0,42.86,0.35
from_east_motorcycle.7.152,east,motorcycle,2280.0,407.0,7724.72,0.0,29.69,0.0
from_west_passenger.0.299,west,passenger,2447.0,240.0,4844.21,0.0,9.93,0.88
from_east_passenger.6.277,east,passenger,2267.0,422.0,8738.8,0.0,17.17,0.86
from_west_passenger.0.302,west,passenger,2471.0,222.0,4844.21,0.0,7.1,0.34
from_north_passenger.12.186,north,passenger,2435.0,261.0,5510.66,0.0,18.53,0.26
from_west_taxi.2.44,west,taxi,2476.0,221.0,4844.21,0.0,9.69,1.0
from_south_passenger.18.195,south,passenger,2553.0,144.0,1323.37,1.0,16.44,0.45
from_east_passenger.6.284,east,passenger,2324.0,374.0,7728.88,0.0,25.58,0.6
from_north_passenger.12.184,north,passenger,2409.0,290.0,5510.66,0.0,15.96,0.44
from_west_passenger.0.303,west,passenger,2479.0,220.0,4844.21,0.0,7.8,0.16
from_north_taxi.14.28,north,taxi,2524.0,175.0,3034.27,1.0,29.61,4.0
from_north_motorcycle.13.105,north,motorcycle,2520.0,182.0,3036.77,0.0,27.74,0.0
from_west_truck_light.5.11,west,truck_light,2478.0,225.0,4841.71,0.0,9.55,3.0
from_east_motorcycle.7.156,east,motorcycle,2340.0,364.0,7724.72,0.0,22.86,0.0
from_west_motorcycle.1.167,west,motorcycle,2505.0,199.0,4846.71,0.0,11.67,0.0
from_east_taxi.8.43,east,taxi,2419.0,289.0,6667.66,0.0,14.81,0.25
from_east_passenger.6.279,east,passenger,2283.0,428.0,7728.88,0.0,29.45,0.5
from_west_pickup.3.22,west,pickup,2475.0,237.0,4843.71,0.0,13.21,0.0
from_north_motorcycle.13.101,north,motorcycle,2424.0,291.0,6821.42,0.0,30.88,0.0
from_east_motorcycle.7.163,east,motorcycle,2445.0,270.0,6670.16,0.0,20.34,0.0
from_north_passenger.12.187,north,passenger,2448.0,269.0,5482.23,0.0,10.56,0.17
from_south_passenger.18.198,south,passenger,2592.0,126.0,1323.37,0.0,13.49,0.18
from_north_motorcycle.13.106,north,motorcycle,2544.0,175.0,4477.51,0.0,16.19,0.0
from_east_passenger.6.288,east,passenger,2357.0,363.0,7722.22,0.0,14.78,0.87
from_east_passenger.6.276,east,passenger,2258.0,464.0,8738.8,0.0,21.31,0.04
from_north_passenger.12.196,north,passenger,2566.0,156.0,4475.01,0.0,13.26,0.36
from_east_motorcycle.7.155,east,motorcycle,2325.0,398.0,7724.72,0.0,27.6,0.0
from_east_passenger.6.287,east,passenger,2348.0,375.0,8738.8,0.0,18.71,0.05
from_south_motorcycle.19.102,south,motorcycle,2449.0,274.0,5086.65,0.0,27.76,1.0
from_north_motorcycle.13.107,north,motorcycle,2568.0,155.0,4477.51,0.0,13.84,0.0
from_east_passenger.6.297,east,passenger,2430.0,294.0,6645.94,0.0,24.03,0.24
from_south_motorcycle.19.108,south,motorcycle,2593.0,131.0,1325.87,2.0,23.19,1.0
from_south_motorcycle.19.101,south,motorcycle,2424.0,304.0,5086.65,0.0,35.46,0.0
from_north_passenger.12.198,north,passenger,2592.0,136.0,2565.92,0.0,13.92,0.18
from_north_motorcycle.13.102,north,motorcycle,2449.0,283.0,5513.16,0.0,23.41,1.0
from_east_motorcycle.7.160,east,motorcycle,2400.0,333.0,6670.16,0.0,25.99,0.0
from_west_motorcycle.1.166,west,motorcycle,2490.0,243.0,4846.71,0.0,16.88,0.0
from_south_passenger.18.186,south,passenger,2435.0,299.0,5084.15,0.0,19.14,0.26
from_north_passenger.12.194,north,passenger,2540.0,195.0,4767.34,0.0,17.91,0.54
from_east_motorcycle.7.159,east,motorcycle,2385.0,352.0,6670.16,0.0,26.51,0.0
from_east_pickup.9.21,east,pickup,2363.0,375.0,7721.72,0.0,11.77,0.5
from_north_passenger.12.190,north,passenger,2488.0,254.0,5482.23,0.0,9.12,0.9
from_west_motorcycle.1.168,west,motorcycle,2521.0,221.0,4846.71,0.0,13.74,1.0
from_east_passenger.6.296,east,passenger,2422.0,321.0,7722.22,0.0,13.44,0.42
from_south_passenger.18.185,south,passenger,2422.0,322.0,5084.15,0.0,20.63,0.35
from_west_passenger.0.308,west,passenger,2520.0,224.0,4844.21,0.0,18.38,0.25
from_east_passenger.6.286,east,passenger,2340.0,405.0,8738.8,0.0,16.66,0.23
from_east_motorcycle.7.164,east,motorcycle,2460.0,285.0,6648.44,0.0,20.17,0.0
from_north_motorcycle.13.104,north,motorcycle,2496.0,251.0,5484.73,0.0,15.79,0.0
from_west_taxi.2.45,west,taxi,2532.0,215.0,4844.21,0.0,12.28,0.75
from_south_taxi.20.29,south,taxi,2610.0,137.0,1323.37,0.0,16.84,0.0
from_west_passenger.0.307,west,passenger,2512.0,236.0,4844.21,0.0,11.03,0.43
from_north_motorcycle.13.100,north,motorcycle,2400.0,349.0,6821.42,0.0,31.07,0.0
from_west_passenger.0.310,west,passenger,2537.0,213.0,4844.21,0.0,17.64,0.89
from_south_motorcycle.19.109,south,motorcycle,2616.0,136.0,1325.87,0.0,17.49,0.0
from_west_passenger.0.309,west,passenger,2528.0,226.0,4844.21,0.0,9.37,0.07
from_east_passenger.6.291,east,passenger,2381.0,382.0,7722.22,0.0,15.22,0.33
from_west_motorcycle.1.171,west,motorcycle,2565.0,198.0,4846.71,0.0,11.21,0.0
from_north_passenger.12.197,north,passenger,2579.0,185.0,4475.01,0.0,12.0,0.27
from_west_passenger.0.305,west,passenger,2496.0,269.0,4844.21,0.0,12.24,0.79
from_south_passenger.18.188,south,passenger,2461.0,309.0,5084.15,0.0,23.55,0.08
from_east_truck_light.11.11,east,truck_light,2481.0,290.0,6643.44,0.0,14.75,6.0
from_south_passenger.18.190,south,passenger,2488.0,283.0,5084.15,0.0,61.69,0.9
from_east_passenger.6.289,east,passenger,2365.0,408.0,7722.22,0.0,17.36,0.69
from_east_pickup.9.22,east,pickup,2477.0,296.0,6645.44,0.0,17.55,2.0
from_west_passenger.0.306,west,passenger,2504.0,269.0,4844.21,0.0,11.15,0.61
from_west_passenger.0.315,west,passenger,2578.0,195.0,4844.21,0.0,8.37,0.98
from_south_passenger.18.202,south,passenger,2645.0,128.0,1323.37,1.0,14.84,0.82
from_east_passenger.6.292,east,passenger,2389.0,386.0,8738.8,0.0,19.12,0.15
from_east_passenger.6.294,east,passenger,2406.0,369.0,7722.22,0.0,14.12,0.79
from_west_passenger.0.311,west,passenger,2545.0,230.0,4844.21,0.0,8.06,0.71
from_east_motorcycle.7.158,east,motorcycle,2370.0,409.0,7724.72,0.0,27.37,0.0
from_south_passenger.18.201,south,passenger,2632.0,147.0,3032.57,0.0,18.8,0.91
from_south_motorcycle.19.110,south,motorcycle,2640.0,140.0,3035.07,0.0,19.96,0.0
from_west_passenger.0.314,west,passenger,2569.0,212.0,4844.21,0.0,7.64,0.17
from_west_motorcycle.1.170,west,motorcycle,2550.0,232.0,4846.71,0.0,15.29,0.0
from_north_passenger.12.199,north,passenger,2605.0,180.0,4475.01,0.0,12.66,0.09
from_north_taxi.14.29,north,taxi,2610.0,177.0,4475.01,0.0,13.09,0.0
from_east_passenger.6.300,east,passenger,2455.0,335.0,7722.22,0.0,11.56,0.7
from_west_motorcycle.1.169,west,motorcycle,2535.0,255.0,4846.71,0.0,19.15,0.0
from_south_passenger.18.207,south,passenger,2710.0,85.0,987.72,0.0,21.21,0.37
from_east_passenger.6.290,east,passenger,2373.0,424.0,7722.22,0.0,19.18,0.51
from_south_passenger.18.203,south,passenger,2658.0,139.0,1323.37,1.0,15.16,0.73
from_west_passenger.0.313,west,passenger,2561.0,238.0,4844.21,0.0,9.3,0.35
from_north_truck_light.17.7,north,truck_light,2526.0,274.0,5508.16,0.0,14.11,6.0
from_east_passenger.6.305,east,passenger,2496.0,308.0,6667.66,0.0,11.66,0.79
from_west_taxi.2.46,west,taxi,2588.0,219.0,4844.21,0.0,10.78,0.5
from_west_passenger.0.318,west,passenger,2602.0,205.0,4844.21,0.0,18.7,0.44
from_east_motorcycle.7.169,east,motorcycle,2535.0,275.0,6648.44,0.0,20.45,0.0
from_west_passenger.0.319,west,passenger,2610.0,201.0,4844.21,0.0,9.87,0.26
from_west_passenger.0.320,west,passenger,2618.0,193.0,4844.21,0.0,15.86,0.08
from_west_motorcycle.1.172,west,motorcycle,2580.0,234.0,4846.71,0.0,15.47,0.0
from_south_taxi.20.28,south,taxi,2524.0,291.0,5084.15,0.0,30.1,4.0
from_south_passenger.18.194,south,passenger,2540.0,275.0,4093.79,0.0,28.49,0.54
from_west_pickup.3.23,west,pickup,2588.0,228.0,4843.71,0.0,13.89,0.5
from_east_motorcycle.7.161,east,motorcycle,2416.0,401.0,8741.3,0.0,34.89,1.0
from_south_motorcycle.19.105,south,motorcycle,2520.0,300.0,5086.65,0.0,30.88,0.0
from_north_passenger.12.193,north,passenger,2527.0,294.0,5510.66,0.0,33.22,0.63
from_north_motorcycle.13.110,north,motorcycle,2640.0,182.0,4477.51,0.0,25.54,0.0
from_north_passenger.12.191,north,passenger,2501.0,322.0,6818.92,0.0,24.57,0.81
from_east_passenger.6.306,east,passenger,2504.0,320.0,7721.87,0.0,23.47,0.61
from_north_motorcycle.13.109,north,motorcycle,2616.0,208.0,4477.51,0.0,18.34,0.0
from_east_passenger.6.301,east,passenger,2463.0,362.0,7722.22,0.0,15.16,0.52
from_north_passenger.12.201,north,passenger,2632.0,193.0,4475.01,0.0,21.91,0.91
from_east_passenger.6.293,east,passenger,2398.0,433.0,7722.22,0.0,20.33,0.97
from_west_motorcycle.1.174,west,motorcycle,2611.0,225.0,4846.71,0.0,14.05,1.0
from_south_passenger.18.206,south,passenger,2697.0,139.0,1323.37,0.0,14.81,0.46
from_east_motorcycle.7.162,east,motorcycle,2431.0,406.0,7724.72,0.0,29.35,1.0
from_west_passenger.0.312,west,passenger,2553.0,284.0,4844.21,0.0,12.86,0.53
from_east_passenger.6.304,east,passenger,2488.0,350.0,7721.87,0.0,17.47,0.98
from_south_passenger.18.199,south,passenger,2605.0,234.0,4093.79,0.0,26.43,0.09
from_north_passenger.12.200,north,passenger,2618.0,225.0,4475.01,0.0,13.75,0.0
from_north_passenger.12.192,north,passenger,2514.0,332.0,5510.66,0.0,21.21,0.72
from_north_pickup.15.14,north,pickup,2522.0,325.0,6818.42,0.0,29.97,2.0
from_west_motorcycle.1.175,west,motorcycle,2625.0,222.0,4846.71,0.0,18.93,0.0
from_south_passenger.18.197,south,passenger,2579.0,270.0,5084.15,0.0,31.83,0.27
from_south_pickup.21.15,south,pickup,2700.0,149.0,1616.9,0.0,27.67,0.0
from_east_motorcycle.7.157,east,motorcycle,2355.0,496.0,7724.72,0.0,42.84,0.0
from_west_passenger.0.317,west,passenger,2594.0,257.0,4844.21,0.0,11.05,0.62
from_east_passenger.6.298,east,passenger,2438.0,414.0,7722.22,0.0,17.86,0.06
from_south_passenger.18.196,south,passenger,2566.0,286.0,5084.15,0.0,18.46,0.36
from_north_motorcycle.13.108,north,motorcycle,2594.0,259.0,5484.73,0.0,17.87,2.0
from_east_passenger.6.295,east,passenger,2414.0,440.0,8738.8,0.0,24.29,0.6
from_east_motorcycle.7.167,east,motorcycle,2505.0,349.0,6648.44,0.0,26.3,0.0
from_west_passenger.0.316,west,passenger,2586.0,269.0,4844.21,0.0,11.2,0.8
from_south_passenger.18.193,south,passenger,2529.0,327.0,5084.15,0.0,21.45,2.63
from_east_passenger.6.302,east,passenger,2471.0,390.0,7728.88,0.0,30.24,0.34
from_south_motorcycle.19.103,south,motorcycle,2472.0,389.0,5086.65,0.0,46.34,0.0
from_west_passenger.0.323,west,passenger,2643.0,219.0,4844.21,0.0,12.87,0.54
from_north_passenger.12.195,north,passenger,2553.0,311.0,6818.92,1.0,30.47,0.45
from_south_motorcycle.19.107,south,motorcycle,2568.0,296.0,5086.65,0.0,28.36,0.0
from_west_taxi.2.47,west,taxi,2644.0,221.0,4844.21,0.0,14.99,0.25
from_south_passenger.18.205,south,passenger,2684.0,181.0,3032.57,0.0,19.07,0.55
from_west_passenger.0.327,west,passenger,2676.0,191.0,4844.21,0.0,21.06,0.81
from_north_passenger.12.207,north,passenger,2710.0,157.0,4475.01,0.0,12.49,0.37
from_east_passenger.6.299,east,passenger,2447.0,424.0,7722.22,0.0,17.49,0.88
from_west_motorcycle.1.173,west,motorcycle,2595.0,276.0,4846.71,0.0,20.49,0.0
from_west_passenger.0.321,west,passenger,2627.0,244.0,4844.21,0.0,10.03,0.9
from_east_passenger.6.313,east,passenger,2561.0,311.0,6645.94,0.0,14.98,0.35
from_west_motorcycle.1.177,west,motorcycle,2655.0,217.0,4846.71,0.0,14.27,0.0
from_west_passenger.0.325,west,passenger,2659.0,214.0,4844.21,0.0,11.79,0.17
from_east_passenger.6.319,east,passenger,2610.0,265.0,6645.94,0.0,16.64,0.26
from_west_motorcycle.1.176,west,motorcycle,2640.0,236.0,4846.71,0.0,15.81,0.0
from_east_taxi.8.44,east,taxi,2479.0,398.0,8738.8,0.0,41.48,4.0
from_east_passenger.6.303,east,passenger,2482.0,395.0,7722.22,0.0,15.35,3.16
from_east_passenger.6.312,east,passenger,2553.0,326.0,6645.94,0.0,16.71,0.53
from_east_motorcycle.7.166,east,motorcycle,2490.0,391.0,7724.72,0.0,26.68,0.0
from_east_passenger.6.308,east,passenger,2520.0,361.0,7722.22,0.0,13.93,0.25
from_north_passenger.12.208,north,passenger,2723.0,158.0,4475.01,0.0,11.68,0.28
from_north_motorcycle.13.111,north,motorcycle,2664.0,222.0,4477.51,0.0,18.98,0.0
from_west_passenger.0.328,west,passenger,2684.0,206.0,4844.21,0.0,10.07,0.63
from_east_motorcycle.7.168,east,motorcycle,2521.0,374.0,7724.72,0.0,25.3,1.0
from_west_passenger.0.322,west,passenger,2635.0,262.0,4844.21,0.0,10.5,0.72
from_east_taxi.8.45,east,taxi,2532.0,367.0,7722.22,0.0,18.79,0.75
from_west_motorcycle.1.178,west,motorcycle,2670.0,229.0,4846.71,0.0,15.83,0.0
from_east_motorcycle.7.165,east,motorcycle,2475.0,431.0,8741.3,0.0,28.08,0.0
from_east_passenger.6.307,east,passenger,2512.0,394.0,7722.22,0.0,16.63,0.43
from_south_passenger.18.200,south,passenger,2618.0,289.0,5084.15,0.0,20.42,0.0
from_east_passenger.6.318,east,passenger,2602.0,308.0,6645.94,0.0,15.68,0.44
from_west_passenger.0.331,west,passenger,2708.0,208.0,4844.21,0.0,12.59,0.09
from_west_passenger.0.324,west,passenger,2651.0,268.0,4844.21,0.0,10.81,0.36
from_east_passenger.6.309,east,passenger,2528.0,397.0,7722.22,0.0,16.37,0.07
from_west_taxi.2.48,west,taxi,2701.0,224.0,4844.21,0.0,13.39,1.0
from_south_passenger.18.204,south,passenger,2671.0,255.0,4093.79,0.0,22.7,0.64
from_west_passenger.0.326,west,passenger,2668.0,260.0,4844.21,0.0,10.4,0.99
from_west_passenger.0.330,west,passenger,2700.0,228.0,4844.21,0.0,12.11,0.27
from_east_passenger.6.314,east,passenger,2569.0,361.0,7722.22,0.0,14.21,0.17
from_west_truck_light.5.12,west,truck_light,2706.0,224.0,4841.71,0.0,8.34,6.0
from_west_passenger.0.329,west,passenger,2692.0,239.0,4844.21,0.0,9.35,0.45
from_east_passenger.6.310,east,passenger,2537.0,395.0,8738.8,0.0,31.32,0.89
from_north_passenger.12.206,north,passenger,2697.0,235.0,5510.66,5.0,32.68,0.46
from_west_bus.4.6,west,bus,2703.0,229.0,4836.71,0.0,15.1,3.0
from_east_motorcycle.7.174,east,motorcycle,2611.0,322.0,6671.08,15.0,47.99,1.0
from_west_motorcycle.1.182,west,motorcycle,2730.0,204.0,4846.71,0.0,20.26,0.0
from_south_motorcycle.19.111,south,motorcycle,2664.0,272.0,5086.65,0.0,35.24,0.0
from_west_motorcycle.1.180,west,motorcycle,2703.0,235.0,4846.71,0.0,16.37,3.0
from_west_motorcycle.1.179,west,motorcycle,2685.0,254.0,4846.71,0.0,18.51,0.0
from_north_passenger.12.211,north,passenger,2762.0,177.0,3034.27,0.0,13.61,0.01
from_west_passenger.0.332,west,passenger,2717.0,223.0,4844.21,0.0,9.48,0.91
from_west_pickup.3.24,west,pickup,2700.0,241.0,4843.71,0.0,27.15,0.0
from_west_passenger.0.335,west,passenger,2741.0,201.0,4844.21,0.0,16.0,0.36
from_north_pickup.15.15,north,pickup,2700.0,246.0,5481.73,0.0,12.54,0.0
from_east_passenger.6.315,east,passenger,2578.0,370.0,7721.87,0.0,14.38,0.98
from_east_taxi.8.47,east,taxi,2645.0,303.0,6645.94,0.0,21.47,1.25
from_west_motorcycle.1.184,west,motorcycle,2760.0,188.0,4846.71,0.0,10.19,0.0
from_west_passenger.0.334,west,passenger,2733.0,219.0,4844.21,0.0,7.57,0.55
from_west_passenger.0.336,west,passenger,2749.0,206.0,4844.21,0.0,9.97,0.18
from_north_passenger.12.202,north,passenger,2645.0,311.0,6818.92,0.0,19.94,0.82
from_north_passenger.12.204,north,passenger,2671.0,286.0,5482.23,0.0,22.43,0.64
from_west_motorcycle.1.183,west,motorcycle,2745.0,212.0,4846.71,0.0,12.35,0.0
from_east_passenger.6.330,east,passenger,2700.0,258.0,6645.94,0.0,18.16,0.27
from_east_motorcycle.7.171,east,motorcycle,2565.0,395.0,8741.3,0.0,24.62,0.0
from_south_passenger.18.216,south,passenger,2828.0,132.0,1323.37,1.0,13.55,0.56
from_east_motorcycle.7.172,east,motorcycle,2580.0,383.0,7724.72,0.0,23.94,0.0
from_west_passenger.0.337,west,passenger,2757.0,208.0,4844.21,0.0,8.02,0.0
from_south_passenger.18.217,south,passenger,2841.0,124.0,1323.37,0.0,22.75,0.47
from_north_passenger.12.205,north,passenger,2684.0,283.0,5510.66,0.0,43.82,0.55
from_west_passenger.0.338,west,passenger,2766.0,201.0,4844.21,0.0,9.26,0.82
from_east_taxi.8.46,east,taxi,2591.0,386.0,8738.8,0.0,18.38,3.5
from_north_taxi.14.31,north,taxi,2791.0,186.0,4475.01,0.0,19.24,1.0
from_north_taxi.14.30,north,taxi,2701.0,277.0,5510.66,0.0,34.52,1.0
from_north_passenger.12.214,north,passenger,2802.0,176.0,4475.01,0.0,14.21,0.74
from_west_taxi.2.49,west,taxi,2757.0,222.0,4844.21,0.0,10.46,0.75
from_north_passenger.12.213,north,passenger,2789.0,191.0,4475.01,0.0,14.4,0.83
from_north_motorcycle.13.112,north,motorcycle,2688.0,298.0,5513.16,0.0,39.24,0.0
from_south_taxi.20.30,south,taxi,2701.0,286.0,4093.79,0.0,42.47,1.0
from_east_passenger.6.311,east,passenger,2545.0,444.0,8738.8,0.0,17.44,0.71
from_north_motorcycle.13.118,north,motorcycle,2832.0,157.0,4477.51,0.0,22.14,0.0
from_south_motorcycle.19.113,south,motorcycle,2712.0,278.0,5086.65,0.0,50.68,0.0
from_west_motorcycle.1.185,west,motorcycle,2775.0,215.0,4846.71,0.0,24.14,0.0
from_east_motorcycle.7.180,east,motorcycle,2703.0,288.0,6648.44,0.0,20.1,3.0
from_west_motorcycle.1.181,west,motorcycle,2715.0,277.0,4846.71,0.0,20.72,0.0
from_east_passenger.6.331,east,passenger,2708.0,285.0,6645.94,0.0,17.02,0.09
from_west_passenger.0.333,west,passenger,2725.0,270.0,4844.21,0.0,11.75,0.73
from_west_passenger.0.340,west,passenger,2782.0,213.0,4844.21,0.0,7.91,0.46
from_north_passenger.12.216,north,passenger,2828.0,167.0,4475.01,0.0,12.5,0.56
from_north_motorcycle.13.113,north,motorcycle,2712.0,284.0,5513.16,0.0,22.25,0.0
from_north_passenger.12.209,north,passenger,2736.0,261.0,5482.23,0.0,12.11,0.19
from_north_motorcycle.13.114,north,motorcycle,2737.0,260.0,5513.16,0.0,21.95,1.0
from_east_motorcycle.7.170,east,motorcycle,2550.0,448.0,8741.3,0.0,31.58,0.0
from_south_motorcycle.19.112,south,motorcycle,2688.0,313.0,5086.65,0.0,33.65,0.0
from_south_passenger.18.209,south,passenger,2736.0,265.0,5084.15,0.0,18.98,0.19
from_north_passenger.12.210,north,passenger,2749.0,252.0,5510.66,0.0,15.07,0.1
from_east_pickup.9.23,east,pickup,2590.0,413.0,8738.3,0.0,18.4,2.5
from_east_motorcycle.7.173,east,motorcycle,2595.0,410.0,8741.3,0.0,25.14,0.0
from_east_passenger.6.335,east,passenger,2741.0,264.0,6645.94,0.0,13.07,0.36
from_west_passenger.0.342,west,passenger,2798.0,214.0,4844.21,0.0,7.82,0.1
from_south_bus.22.4,south,bus,2883.0,131.0,1315.87,1.0,13.42,3.0
from_west_motorcycle.1.187,west,motorcycle,2805.0,210.0,4846.71,0.0,12.79,0.0
from_west_pickup.3.25,west,pickup,2813.0,209.0,4843.71,0.0,6.67,0.5
from_south_taxi.20.32,south,taxi,2889.0,139.0,1323.37,0.0,23.4,9.0
from_west_passenger.0.341,west,passenger,2790.0,240.0,4844.21,0.0,9.62,0.28
from_south_passenger.18.221,south,passenger,2894.0,136.0,1323.37,0.0,30.31,1.11
from_north_motorcycle.13.116,north,motorcycle,2784.0,247.0,5484.73,0.0,19.9,0.0
from_west_passenger.0.339,west,passenger,2774.0,259.0,4844.21,0.0,10.83,0.64
from_west_passenger.0.343,west,passenger,2807.0,228.0,4844.21,0.0,8.27,0.92
from_east_passenger.6.324,east,passenger,2651.0,385.0,7721.87,0.0,17.0,0.36
from_north_passenger.12.203,north,passenger,2658.0,379.0,5510.66,0.0,26.7,0.73
from_west_passenger.0.344,west,passenger,2815.0,222.0,4844.21,0.0,8.4,0.74
from_west_motorcycle.1.186,west,motorcycle,2792.0,247.0,4846.71,0.0,16.39,2.0
from_north_motorcycle.13.119,north,motorcycle,2856.0,184.0,4477.51,0.0,15.91,0.0
from_west_taxi.2.50,west,taxi,2813.0,228.0,4844.21,0.0,9.85,0.5
from_south_motorcycle.19.115,south,motorcycle,2760.0,282.0,5086.65,0.0,31.6,0.0
from_west_passenger.0.346,west,passenger,2831.0,212.0,4844.21,0.0,7.38,0.37
from_east_passenger.6.321,east,passenger,2628.0,416.0,8738.8,0.0,16.38,1.9
from_west_passenger.0.347,west,passenger,2839.0,206.0,4844.21,0.0,11.57,0.19
from_south_passenger.18.212,south,passenger,2776.0,270.0,5084.15,0.0,23.29,0.92
from_west_passenger.0.345,west,passenger,2823.0,225.0,4844.21,0.0,8.66,0.55
from_west_passenger.0.349,west,passenger,2856.0,192.0,4844.21,0.0,7.34,0.83
from_east_passenger.6.326,east,passenger,2668.0,381.0,8738.8,0.0,31.84,0.99
from_west_passenger.0.348,west,passenger,2847.0,202.0,4844.21,0.0,8.61,0.01
from_east_motorcycle.7.175,east,motorcycle,2625.0,428.0,7724.37,0.0,31.91,0.0
from_north_pickup.15.16,north,pickup,2880.0,176.0,4474.51,0.0,11.85,0.0
from_east_truck_light.11.12,east,truck_light,2702.0,356.0,7719.72,0.0,8.0,2.0
from_east_motorcycle.7.178,east,motorcycle,2670.0,391.0,7724.37,0.0,28.02,0.0
from_south_motorcycle.19.121,south,motorcycle,2904.0,162.0,1325.87,0.0,26.86,0.0
from_north_bus.16.4,north,bus,2883.0,185.0,3026.77,0.0,28.33,3.0
from_south_passenger.18.213,south,passenger,2789.0,282.0,5084.15,0.0,20.06,0.83
from_west_motorcycle.1.190,west,motorcycle,2850.0,225.0,4846.71,0.0,13.45,0.0
from_north_passenger.12.217,north,passenger,2841.0,235.0,5482.23,0.0,9.15,0.47
from_east_motorcycle.7.176,east,motorcycle,2640.0,437.0,8741.3,0.0,30.48,0.0
from_west_passenger.0.350,west,passenger,2864.0,214.0,4844.21,0.0,9.08,0.65
from_west_motorcycle.1.191,west,motorcycle,2865.0,213.0,4846.71,0.0,24.43,0.0
from_east_passenger.6.323,east,passenger,2643.0,437.0,7722.22,0.0,18.93,0.54
from_west_passenger.0.352,west,passenger,2880.0,203.0,4844.21,0.0,6.63,0.29
from_east_passenger.6.316,east,passenger,2586.0,502.0,7722.22,0.0,24.82,0.8
from_south_passenger.18.215,south,passenger,2815.0,273.0,5084.15,0.0,28.22,0.65
from_east_bus.10.6,east,bus,2702.0,390.0,7714.72,0.0,27.64,2.0
from_east_motorcycle.7.177,east,motorcycle,2655.0,438.0,7724.72,0.0,33.58,0.0
from_west_passenger.0.351,west,passenger,2872.0,221.0,4844.21,0.0,10.1,0.47
from_east_motorcycle.7.179,east,motorcycle,2685.0,411.0,7724.37,0.0,31.28,0.0
from_east_taxi.8.48,east,taxi,2706.0,390.0,7722.22,0.0,21.66,6.0
from_west_motorcycle.1.188,west,motorcycle,2820.0,279.0,4846.71,0.0,21.11,0.0
from_west_motorcycle.1.192,west,motorcycle,2881.0,218.0,4846.71,0.0,13.09,1.0
from_north_motorcycle.13.115,north,motorcycle,2760.0,340.0,6821.42,0.0,50.53,0.0
from_east_passenger.6.327,east,passenger,2676.0,429.0,7722.22,0.0,20.03,0.81
from_west_motorcycle.1.189,west,motorcycle,2835.0,271.0,4846.71,0.0,19.43,0.0
from_south_motorcycle.19.114,south,motorcycle,2737.0,370.0,5086.65,0.0,40.65,1.0
from_east_motorcycle.7.186,east,motorcycle,2791.0,316.0,6648.44,0.0,33.35,1.0
from_north_motorcycle.13.117,north,motorcycle,2808.0,300.0,5513.16,0.0,26.29,0.0
from_west_motorcycle.1.193,west,motorcycle,2895.0,216.0,4846.71,0.0,13.79,0.0
from_north_passenger.12.224,north,passenger,2933.0,179.0,4475.01,0.0,12.67,0.84
from_east_motorcycle.7.188,east,motorcycle,2820.0,293.0,6648.44,0.0,25.8,0.0
from_west_taxi.2.51,west,taxi,2869.0,244.0,4844.21,0.0,13.34,0.25
from_north_motorcycle.13.122,north,motorcycle,2928.0,185.0,4477.51,0.0,17.32,0.0
from_south_motorcycle.19.117,south,motorcycle,2808.0,307.0,5086.65,0.0,28.79,0.0
from_south_passenger.18.214,south,passenger,2802.0,314.0,5084.15,0.0,20.84,0.74
from_north_passenger.12.226,north,passenger,2959.0,157.0,4475.01,0.0,11.8,0.66
from_west_passenger.0.355,west,passenger,2905.0,212.0,4844.21,0.0,11.57,0.74
from_east_pickup.9.24,east,pickup,2705.0,413.0,8738.3,0.0,18.17,5.0
from_north_passenger.12.218,north,passenger,2854.0,265.0,5482.23,0.0,10.14,0.38
from_east_motorcycle.7.183,east,motorcycle,2745.0,381.0,7724.72,0.0,32.04,0.0
from_west_pickup.3.26,west,pickup,2925.0,201.0,4843.71,0.0,6.73,0.0
from_north_passenger.12.219,north,passenger,2867.0,260.0,5510.66,0.0,18.13,0.29
from_north_passenger.12.222,north,passenger,2906.0,221.0,4475.01,0.0,13.44,0.02
from_north_truck_light.17.8,north,truck_light,2889.0,241.0,5479.73,0.0,5.04,9.0
from_west_passenger.0.353,west,passenger,2888.0,242.0,4844.21,0.0,9.53,0.11
from_east_passenger.6.337,east,passenger,2758.0,374.0,7722.22,0.0,14.41,1.0
from_north_passenger.12.227,north,passenger,2972.0,160.0,4475.01,0.0,10.91,0.57
from_south_motorcycle.19.118,south,motorcycle,2832.0,301.0,990.22,191.0,220.21,0.0
from_east_motorcycle.7.184,east,motorcycle,2760.0,374.0,7724.37,0.0,24.09,0.0
from_north_motorcycle.13.124,north,motorcycle,2976.0,158.0,4477.51,0.0,13.5,0.0
from_west_passenger.0.358,west,passenger,2929.0,207.0,4844.21,0.0,12.81,0.2
from_west_passenger.0.356,west,passenger,2913.0,224.0,4844.21,0.0,8.51,0.56
from_south_motorcycle.19.125,south,motorcycle,3000.0,139.0,1325.87,0.0,26.94,0.0
from_west_passenger.0.357,west,passenger,2921.0,220.0,4844.21,0.0,10.4,0.38
from_south_passenger.18.219,south,passenger,2867.0,282.0,5084.15,0.0,17.55,0.29
from_south_passenger.18.231,south,passenger,3024.0,125.0,1323.37,0.0,12.69,0.21
from_north_taxi.14.32,north,taxi,2886.0,268.0,5510.66,1.0,25.25,6.0
from_east_passenger.6.329,east,passenger,2692.0,464.0,8738.8,0.0,18.92,0.45
from_west_passenger.0.359,west,passenger,2937.0,221.0,4844.21,0.0,8.74,0.02
from_west_truck_light.5.13,west,truck_light,2928.0,231.0,4841.71,0.0,6.73,3.0
from_north_motorcycle.13.125,north,motorcycle,3000.0,159.0,3036.77,0.0,24.83,0.0
from_east_motorcycle.7.185,east,motorcycle,2775.0,385.0,8741.3,0.0,34.45,0.0
from_north_motorcycle.13.120,north,motorcycle,2885.0,275.0,5484.73,0.0,22.17,5.0
from_west_motorcycle.1.197,west,motorcycle,2955.0,205.0,4846.71,0.0,17.75,0.0
from_east_motorcycle.7.189,east,motorcycle,2835.0,326.0,7724.72,0.0,26.06,0.0
from_east_taxi.8.49,east,taxi,2757.0,405.0,8738.8,0.0,20.75,0.75
from_east_passenger.6.336,east,passenger,2749.0,415.0,7721.87,0.0,21.26,0.18
from_west_motorcycle.1.198,west,motorcycle,2970.0,194.0,4846.71,0.0,18.8,0.0
from_west_taxi.2.52,west,taxi,2926.0,240.0,4844.21,0.0,13.66,1.0
from_west_motorcycle.1.196,west,motorcycle,2940.0,227.0,4846.71,0.0,16.97,0.0
from_west_motorcycle.1.194,west,motorcycle,2910.0,259.0,4846.71,0.0,17.79,0.0
from_west_passenger.0.360,west,passenger,2946.0,223.0,4844.21,0.0,9.1,0.84
from_north_motorcycle.13.121,north,motorcycle,2904.0,266.0,5484.73,0.0,17.22,0.0
from_north_passenger.12.223,north,passenger,2920.0,251.0,5482.23,0.0,24.49,0.93
from_south_passenger.18.208,south,passenger,2723.0,449.0,3030.68,301.0,312.32,0.28
from_west_passenger.0.361,west,passenger,2954.0,218.0,4844.21,0.0,7.45,0.66
from_east_passenger.6.345,east,passenger,2823.0,351.0,7721.87,0.0,15.32,0.55
from_north_passenger.12.221,north,passenger,2893.0,283.0,5482.23,0.0,11.16,0.11
from_west_motorcycle.1.195,west,motorcycle,2925.0,251.0,4846.71,0.0,17.97,0.0
from_east_passenger.6.317,east,passenger,2594.0,584.0,5252.49,299.0,328.27,0.62
from_east_passenger.6.341,east,passenger,2790.0,390.0,7722.22,0.0,15.91,0.28
from_east_passenger.6.340,east,passenger,2782.0,400.0,8738.8,0.0,27.11,0.46
from_east_passenger.6.355,east,passenger,2905.0,277.0,4703.43,5.0,51.38,0.74
from_east_passenger.6.347,east,passenger,2839.0,347.0,7722.22,0.0,13.69,0.19
from_south_passenger.18.222,south,passenger,2906.0,281.0,5084.15,0.0,49.28,0.02
from_west_passenger.0.363,west,passenger,2970.0,217.0,4844.21,0.0,7.91,0.3
from_east_passenger.6.339,east,passenger,2774.0,414.0,7722.22,0.0,18.01,0.64
from_north_passenger.12.228,north,passenger,2985.0,204.0,4475.01,0.0,14.15,0.48
from_east_pickup.9.25,east,pickup,2813.0,379.0,7721.72,0.0,12.03,0.5
from_south_motorcycle.19.122,south,motorcycle,2928.0,265.0,5086.65,0.0,30.26,0.0
from_south_motorcycle.19.120,south,motorcycle,2884.0,310.0,5086.65,0.0,31.07,4.0
from_east_motorcycle.7.194,east,motorcycle,2910.0,285.0,6648.44,0.0,24.13,0.0
from_west_passenger.0.365,west,passenger,2987.0,208.0,4844.21,0.0,9.49,0.93
from_south_pickup.21.17,south,pickup,3060.0,135.0,1322.87,1.0,14.12,0.0
from_north_passenger.12.225,north,passenger,2946.0,250.0,5510.66,0.0,13.8,0.75
from_west_passenger.0.354,west,passenger,2897.0,301.0,4844.21,0.0,14.26,0.93
from_east_motorcycle.7.181,east,motorcycle,2715.0,484.0,6670.16,194.0,230.33,0.0
from_east_passenger.6.325,east,passenger,2659.0,541.0,6667.66,210.0,234.8,0.17
from_east_passenger.6.338,east,passenger,2766.0,435.0,8738.8,0.0,21.55,0.82
from_south_passenger.18.210,south,passenger,2749.0,453.0,3032.57,260.0,298.74,0.1
from_north_motorcycle.13.126,north,motorcycle,3024.0,179.0,4477.51,0.0,15.31,0.0
from_east_passenger.6.343,east,passenger,2807.0,397.0,6667.66,117.0,160.93,0.92
from_north_passenger.12.212,north,passenger,2776.0,431.0,4767.34,227.0,257.42,0.92
from_south_taxi.20.31,south,taxi,2791.0,416.0,1617.4,228.0,266.37,1.0
from_west_passenger.0.364,west,passenger,2978.0,229.0,4844.21,0.0,10.42,0.12
from_west_taxi.2.53,west,taxi,2982.0,226.0,4844.21,0.0,10.81,0.75
from_east_passenger.6.342,east,passenger,2798.0,411.0,5252.49,116.0,174.58,0.1
from_west_motorcycle.1.200,west,motorcycle,3000.0,209.0,4846.71,0.0,22.76,0.0
from_west_passenger.0.362,west,passenger,2962.0,252.0,4844.21,0.0,9.41,0.48
from_north_passenger.12.232,north,passenger,3037.0,178.0,4475.01,0.0,13.01,0.12
from_south_passenger.18.211,south,passenger,2762.0,454.0,3032.57,255.0,282.1,0.01
from_south_passenger.18.223,south,passenger,2920.0,296.0,5084.15,0.0,19.12,0.93
from_east_pickup.9.26,east,pickup,2928.0,289.0,6645.44,0.0,13.45,3.0
from_east_passenger.6.333,east,passenger,2725.0,496.0,7722.22,0.0,26.13,0.73
from_east_passenger.6.334,east,passenger,2733.0,488.0,6667.66,119.0,155.86,0.55
from_east_motorcycle.7.182,east,motorcycle,2730.0,496.0,8741.3,0.0,38.77,0.0
from_west_motorcycle.1.199,west,motorcycle,2985.0,242.0,4846.71,0.0,15.77,0.0
from_north_motorcycle.13.127,north,motorcycle,3048.0,179.0,4477.51,0.0,16.88,0.0
from_west_passenger.0.366,west,passenger,2995.0,233.0,4844.21,0.0,9.48,0.75
from_west_passenger.0.367,west,passenger,3003.0,228.0,4844.21,0.0,8.62,0.57
from_east_passenger.6.349,east,passenger,2856.0,380.0,8738.8,0.0,15.8,0.83
from_north_pickup.15.17,north,pickup,3060.0,176.0,4474.51,0.0,11.46,0.0
from_south_motorcycle.19.131,south,motorcycle,3144.0,92.0,990.22,0.0,21.72,0.0
from_west_passenger.0.370,west,passenger,3027.0,216.0,4844.21,0.0,8.32,0.03
from_north_passenger.12.215,north,passenger,2815.0,429.0,4767.34,180.0,221.21,0.65
from_east_passenger.6.346,east,passenger,2831.0,413.0,6667.66,14.0,59.34,0.37
from_west_passenger.0.368,west,passenger,3011.0,233.0,4844.21,0.0,8.29,0.39
from_south_passenger.18.220,south,passenger,2880.0,365.0,3032.57,172.0,219.57,0.2
from_west_passenger.0.369,west,passenger,3019.0,229.0,4844.21,0.0,8.47,0.21
from_east_passenger.6.332,east,passenger,2717.0,534.0,5252.49,91.0,151.57,0.91
from_north_passenger.12.236,north,passenger,3090.0,163.0,4475.01,0.0,11.5,0.76
from_south_motorcycle.19.129,south,motorcycle,3096.0,157.0,1325.87,0.0,33.46,0.0
from_north_motorcycle.13.128,north,motorcycle,3072.0,182.0,4477.51,0.0,16.58,0.0
from_south_passenger.18.225,south,passenger,2946.0,309.0,3032.57,105.0,171.11,0.75
from_west_motorcycle.1.202,west,motorcycle,3030.0,225.0,4846.71,0.0,13.19,0.0
from_east_passenger.6.348,east,passenger,2847.0,409.0,8738.8,0.0,17.11,0.01
from_north_taxi.14.33,north,taxi,2970.0,286.0,5482.23,0.0,14.12,0.0
from_south_motorcycle.19.127,south,motorcycle,3048.0,208.0,3035.07,23.0,78.94,0.0
from_south_truck_light.23.8,south,truck_light,2892.0,365.0,3030.07,142.0,218.07,12.0
from_north_passenger.12.220,north,passenger,2880.0,378.0,4767.34,130.0,199.13,0.2
from_west_passenger.0.373,west,passenger,3052.0,207.0,4844.21,0.0,8.39,0.49
from_east_taxi.8.50,east,taxi,2814.0,451.0,8738.8,0.0,23.54,1.5
from_east_passenger.6.368,east,passenger,3011.0,256.0,6667.66,0.0,10.18,0.39
from_east_passenger.6.320,east,passenger,2618.0,650.0,7728.88,285.0,333.47,0.08
from_east_passenger.6.357,east,passenger,2921.0,347.0,7721.87,0.0,14.25,0.38
from_south_motorcycle.19.126,south,motorcycle,3025.0,243.0,1619.9,27.0,91.47,1.0
from_west_taxi.2.54,west,taxi,3038.0,230.0,4844.21,0.0,12.51,0.5
from_east_passenger.6.354,east,passenger,2897.0,376.0,7722.22,0.0,16.85,0.93
from_west_passenger.0.374,west,passenger,3060.0,214.0,4844.21,0.0,9.68,0.31
from_west_passenger.0.371,west,passenger,3036.0,239.0,4844.21,0.0,11.57,0.85
from_west_motorcycle.1.204,west,motorcycle,3060.0,215.0,4846.71,0.0,17.75,0.0
from_north_passenger.12.230,north,passenger,3011.0,266.0,5510.66,0.0,15.3,0.3
from_west_passenger.0.375,west,passenger,3068.0,209.0,4844.21,0.0,23.11,0.12
from_west_motorcycle.1.203,west,motorcycle,3045.0,234.0,4846.71,0.0,14.96,0.0
from_north_motorcycle.13.123,north,motorcycle,2952.0,329.0,5484.73,0.0,26.1,0.0
from_west_passenger.0.376,west,passenger,3077.0,205.0,4844.21,0.0,6.67,0.94
from_north_passenger.12.238,north,passenger,3116.0,166.0,4475.01,0.0,11.8,0.58
from_north_passenger.12.231,north,passenger,3024.0,263.0,5482.23,0.0,10.47,0.21
from_west_pickup.3.27,west,pickup,3038.0,250.0,4843.71,0.0,11.12,0.5
from_west_passenger.0.378,west,passenger,3093.0,197.0,4844.21,0.0,8.21,0.58
from_north_passenger.12.233,north,passenger,3050.0,241.0,5482.23,0.0,18.09,0.03
from_south_motorcycle.19.116,south,motorcycle,2784.0,512.0,4096.29,245.0,283.63,0.0
from_west_motorcycle.1.201,west,motorcycle,3015.0,281.0,4846.71,0.0,20.95,0.0
from_east_passenger.6.360,east,passenger,2946.0,353.0,7722.22,0.0,14.14,0.84
from_south_taxi.20.35,south,taxi,3150.0,149.0,1323.37,0.0,19.3,0.0
from_east_motorcycle.7.199,east,motorcycle,2985.0,316.0,6648.44,0.0,27.33,0.0
from_east_passenger.6.328,east,passenger,2684.0,618.0,7728.88,207.0,257.86,0.63
from_east_taxi.8.51,east,taxi,2869.0,433.0,8738.8,0.0,32.11,0.25
from_south_motorcycle.19.134,south,motorcycle,3216.0,89.0,990.22,0.0,17.65,0.0
from_east_motorcycle.7.190,east,motorcycle,2850.0,461.0,7724.72,0.0,36.03,0.0
from_south_passenger.18.240,south,passenger,3142.0,171.0,3032.57,0.0,16.07,0.4
from_south_passenger.18.218,south,passenger,2854.0,460.0,4093.79,178.0,221.35,0.38
from_north_passenger.12.234,north,passenger,3064.0,250.0,5482.23,0.0,11.71,0.94
from_east_passenger.6.344,east,passenger,2816.0,499.0,8738.8,0.0,21.5,1.74
from_east_passenger.6.359,east,passenger,2937.0,380.0,7721.87,0.0,17.63,0.02
from_south_passenger.18.242,south,passenger,3168.0,149.0,1323.37,0.0,16.71,0.22
from_east_passenger.6.363,east,passenger,2970.0,348.0,7722.22,0.0,16.28,0.3
from_west_motorcycle.1.205,west,motorcycle,3075.0,245.0,4846.71,0.0,15.96,0.0
from_east_passenger.6.322,east,passenger,2635.0,686.0,7728.88,212.0,252.43,0.72
from_east_motorcycle.7.191,east,motorcycle,2866.0,455.0,8741.3,0.0,33.27,1.0
from_east_passenger.6.358,east,passenger,2933.0,389.0,7722.22,0.0,18.82,4.2
from_east_passenger.6.365,east,passenger,2987.0,336.0,7722.22,0.0,22.8,0.93
from_east_motorcycle.7.192,east,motorcycle,2882.0,446.0,7731.38,15.0,83.18,2.0
from_north_taxi.14.34,north,taxi,3060.0,269.0,5510.66,0.0,26.68,0.0
from_south_motorcycle.19.119,south,motorcycle,2856.0,475.0,4096.29,181.0,242.17,0.0
from_east_passenger.6.351,east,passenger,2872.0,459.0,7722.22,0.0,20.89,0.47
from_east_motorcycle.7.187,east,motorcycle,2805.0,527.0,7731.38,90.0,161.08,0.0
from_east_passenger.6.353,east,passenger,2888.0,445.0,7728.88,16.0,84.3,0.11
from_east_passenger.6.356,east,passenger,2913.0,422.0,7728.88,2.0,69.0,0.56
from_north_passenger.12.235,north,passenger,3077.0,258.0,5482.23,0.0,20.72,0.85
from_south_pickup.21.16,south,pickup,2887.0,450.0,4093.29,149.0,220.89,7.0
from_north_motorcycle.13.132,north,motorcycle,3169.0,169.0,3036.77,0.0,18.93,1.0
from_south_passenger.18.245,south,passenger,3208.0,131.0,1323.37,1.0,14.88,0.95
from_south_motorcycle.19.123,south,motorcycle,2952.0,393.0,4096.29,100.0,178.29,0.0
from_west_motorcycle.1.206,west,motorcycle,3090.0,255.0,4846.71,0.0,30.25,0.0
from_north_passenger.12.229,north,passenger,2998.0,348.0,6818.92,0.0,32.11,0.39
from_south_passenger.18.243,south,passenger,3181.0,165.0,1617.4,0.0,21.93,0.13
from_east_motorcycle.7.205,east,motorcycle,3075.0,272.0,6648.44,0.0,20.54,0.0
from_west_passenger.0.380,west,passenger,3109.0,239.0,4844.21,0.0,39.34,0.22
from_north_motorcycle.13.133,north,motorcycle,3192.0,156.0,3036.77,0.0,25.17,0.0
from_west_passenger.0.381,west,passenger,3117.0,232.0,4844.21,0.0,50.75,0.04
from_west_taxi.2.55,west,taxi,3095.0,255.0,4844.21,0.0,39.53,1.25
from_west_passenger.0.372,west,passenger,3044.0,307.0,4844.21,0.0,14.3,0.67
from_east_truck_light.11.13,east,truck_light,2932.0,420.0,8736.3,0.0,29.69,7.0
from_west_passenger.0.377,west,passenger,3085.0,267.0,4844.21,0.0,18.78,0.76
from_east_passenger.6.366,east,passenger,2995.0,358.0,7721.87,0.0,16.09,0.75
from_south_passenger.18.226,south,passenger,2959.0,395.0,5084.15,87.0,131.35,0.66
from_south_motorcycle.19.124,south,motorcycle,2976.0,378.0,4096.29,75.0,164.79,0.0
from_west_passenger.0.379,west,passenger,3101.0,253.0,4844.21,0.0,30.99,0.4
from_east_taxi.8.52,east,taxi,2929.0,426.0,8738.8,0.0,49.46,4.0
from_south_passenger.18.230,south,passenger,3011.0,344.0,5084.15,52.0,99.71,0.3
from_south_passenger.18.232,south,passenger,3037.0,320.0,5084.15,23.0,77.17,0.12
from_west_motorcycle.1.208,west,motorcycle,3120.0,237.0,4846.71,0.0,20.72,0.0
from_east_passenger.6.350,east,passenger,2864.0,494.0,8738.8,0.0,27.24,0.65
from_east_passenger.6.369,east,passenger,3019.0,339.0,7721.87,0.0,15.55,0.21
from_north_passenger.12.237,north,passenger,3103.0,255.0,5482.23,0.0,14.34,0.67
from_west_passenger.0.383,west,passenger,3134.0,224.0,4844.21,0.0,24.42,0.68
from_north_passenger.12.243,north,passenger,3181.0,177.0,4475.01,0.0,12.63,0.13
from_east_passenger.6.375,east,passenger,3068.0,291.0,6667.66,0.0,11.92,0.12
from_south_passenger.18.224,south,passenger,2933.0,427.0,4093.79,109.0,182.11,0.84
from_south_taxi.20.33,south,taxi,2970.0,390.0,5084.15,74.0,112.58,0.0
from_south_passenger.18.227,south,passenger,2972.0,389.0,5084.15,72.0,118.4,0.57
from_south_taxi.20.34,south,taxi,3062.0,301.0,5084.15,7.0,51.58,2.0
from_south_passenger.18.234,south,passenger,3064.0,300.0,4093.79,6.0,77.63,0.94
from_west_passenger.0.385,west,passenger,3150.0,214.0,4844.21,0.0,12.87,0.31
from_west_passenger.0.382,west,passenger,3126.0,239.0,4844.21,0.0,9.33,0.86
from_south_passenger.18.235,south,passenger,3077.0,289.0,5084.15,0.0,38.94,0.85
from_north_motorcycle.13.134,north,motorcycle,3216.0,150.0,3036.77,0.0,20.38,0.0
from_west_passenger.0.384,west,passenger,3142.0,225.0,4844.21,0.0,17.61,0.5
from_east_taxi.8.53,east,taxi,2982.0,386.0,7722.22,0.0,20.89,0.75
from_east_passenger.6.367,east,passenger,3003.0,367.0,7722.22,0.0,15.91,0.57
from_west_motorcycle.1.207,west,motorcycle,3105.0,265.0,4846.71,0.0,20.17,0.0
from_east_motorcycle.7.196,east,motorcycle,2940.0,431.0,7724.37,0.0,33.1,0.0
from_west_passenger.0.386,west,passenger,3158.0,213.0,4844.21,0.0,15.75,0.13
from_east_passenger.6.352,east,passenger,2880.0,492.0,8738.8,0.0,20.94,0.29
from_north_motorcycle.13.129,north,motorcycle,3096.0,276.0,5484.73,0.0,19.5,0.0
from_south_motorcycle.19.128,south,motorcycle,3072.0,301.0,5086.65,0.0,37.78,0.0
from_west_truck_light.5.14,west,truck_light,3156.0,219.0,4841.71,0.0,12.39,6.0
from_west_passenger.0.387,west,passenger,3167.0,209.0,4844.21,0.0,18.09,0.95
from_north_motorcycle.13.130,north,motorcycle,3120.0,257.0,5513.16,0.0,20.16,0.0
from_south_passenger.18.229,south,passenger,2998.0,382.0,5084.15,50.0,86.44,0.39
from_west_taxi.2.56,west,taxi,3154.0,228.0,4844.21,0.0,11.95,4.0
from_south_taxi.20.36,south,taxi,3244.0,138.0,1323.37,0.0,17.64,4.0
from_west_motorcycle.1.211,west,motorcycle,3165.0,218.0,4846.71,0.0,16.62,0.0
from_west_passenger.0.388,west,passenger,3175.0,208.0,4844.21,0.0,25.1,0.77
from_south_passenger.18.244,south,passenger,3194.0,189.0,3032.57,0.0,17.89,0.04
from_east_passenger.6.361,east,passenger,2954.0,431.0,9037.14,3.0,50.36,0.66
from_north_passenger.12.240,north,passenger,3142.0,243.0,5482.23,0.0,8.59,0.4
from_west_bus.4.7,west,bus,3152.0,235.0,4836.71,0.0,21.02,2.0
from_east_motorcycle.7.195,east,motorcycle,2925.0,463.0,7724.72,0.0,36.8,0.0
from_east_motorcycle.7.197,east,motorcycle,2955.0,433.0,7724.72,0.0,32.93,0.0
from_north_passenger.12.246,north,passenger,3221.0,167.0,4475.01,0.0,12.0,0.86
from_south_passenger.18.228,south,passenger,2985.0,405.0,5084.15,56.0,92.21,0.48
from_south_passenger.18.233,south,passenger,3050.0,340.0,4093.79,14.0,74.69,0.03
from_west_pickup.3.28,west,pickup,3152.0,238.0,4843.71,0.0,19.44,2.0
from_south_passenger.18.236,south,passenger,3090.0,306.0,5084.15,0.0,29.16,0.76
from_east_passenger.6.364,east,passenger,2978.0,419.0,8738.8,0.0,17.34,0.12
from_south_passenger.18.247,south,passenger,3234.0,163.0,3032.57,0.0,15.99,0.77
from_east_passenger.6.370,east,passenger,3027.0,371.0,7722.22,0.0,14.4,0.03
from_south_passenger.18.237,south,passenger,3103.0,295.0,5084.15,0.0,18.83,0.67
from_west_motorcycle.1.212,west,motorcycle,3180.0,220.0,4846.71,0.0,15.52,0.0
from_east_motorcycle.7.193,east,motorcycle,2895.0,509.0,7724.72,0.0,44.44,0.0
from_east_motorcycle.7.200,east,motorcycle,3000.0,405.0,8741.3,0.0,25.5,0.0
from_north_pickup.15.18,north,pickup,3242.0,163.0,3033.77,0.0,16.97,2.0
from_south_pickup.21.18,south,pickup,3242.0,163.0,3032.07,0.0,21.92,2.0
from_south_motorcycle.19.138,south,motorcycle,3313.0,93.0,990.22,0.0,25.35,1.0
from_east_passenger.6.371,east,passenger,3036.0,371.0,7722.22,0.0,13.63,0.85
from_east_passenger.6.378,east,passenger,3093.0,314.0,6645.94,0.0,18.29,0.58
from_west_passenger.0.391,west,passenger,3199.0,208.0,4844.21,0.0,11.96,0.23
from_north_passenger.12.247,north,passenger,3234.0,173.0,4475.01,0.0,12.07,0.77
from_south_passenger.18.239,south,passenger,3129.0,279.0,5084.15,0.0,38.87,0.49
from_south_passenger.18.241,south,passenger,3155.0,253.0,4093.79,0.0,29.59,0.31
from_west_motorcycle.1.210,west,motorcycle,3153.0,257.0,4846.71,0.0,16.76,3.0
from_west_passenger.0.389,west,passenger,3183.0,228.0,4844.21,0.0,10.12,0.59
from_north_truck_light.17.9,north,truck_light,3244.0,167.0,3031.77,0.0,19.92,4.0
from_east_taxi.8.54,east,taxi,3038.0,375.0,7722.22,0.0,18.47,0.5
from_west_passenger.0.392,west,passenger,3207.0,207.0,4844.21,0.0,10.48,0.05
from_west_motorcycle.1.209,west,motorcycle,3135.0,281.0,4846.71,0.0,21.45,0.0
from_north_taxi.14.36,north,taxi,3240.0,177.0,4475.01,0.0,13.39,0.0
from_south_motorcycle.19.130,south,motorcycle,3120.0,299.0,5086.65,0.0,33.18,0.0
from_east_motorcycle.7.198,east,motorcycle,2970.0,452.0,7724.72,0.0,35.39,0.0
from_east_passenger.6.372,east,passenger,3044.0,380.0,7722.22,0.0,15.25,0.67
from_north_passenger.12.242,north,passenger,3168.0,257.0,5482.23,0.0,12.06,0.22
from_south_passenger.18.249,south,passenger,3260.0,165.0,3032.57,0.0,16.4,0.59
from_east_passenger.6.374,east,passenger,3060.0,366.0,7721.87,0.0,19.81,0.31
from_north_motorcycle.13.135,north,motorcycle,3240.0,187.0,4769.84,0.0,20.87,0.0
from_north_taxi.14.35,north,taxi,3150.0,279.0,5510.66,0.0,20.27,0.0
from_west_passenger.0.390,west,passenger,3191.0,241.0,4844.21,0.0,9.01,0.41
from_north_passenger.12.244,north,passenger,3194.0,240.0,5482.23,0.0,8.0,0.04
from_east_motorcycle.7.207,east,motorcycle,3105.0,330.0,7724.72,0.0,20.2,0.0
from_west_motorcycle.1.213,west,motorcycle,3195.0,240.0,4846.71,0.0,15.9,0.0
from_west_passenger.0.394,west,passenger,3224.0,217.0,4844.21,0.0,8.64,0.69
from_south_passenger.18.238,south,passenger,3116.0,327.0,5084.15,0.0,20.98,0.58
from_west_motorcycle.1.215,west,motorcycle,3225.0,218.0,4846.71,0.0,14.56,0.0
from_west_taxi.2.57,west,taxi,3207.0,237.0,4844.21,0.0,12.69,0.75
from_north_passenger.12.239,north,passenger,3129.0,317.0,6818.92,0.0,21.27,0.49
from_west_passenger.0.396,west,passenger,3240.0,209.0,4844.21,0.0,12.34,0.32
from_east_passenger.6.376,east,passenger,3077.0,374.0,8738.8,0.0,48.75,0.94
from_south_motorcycle.19.133,south,motorcycle,3192.0,260.0,5086.65,0.0,34.67,0.0
from_east_passenger.6.362,east,passenger,2962.0,491.0,8738.8,0.0,20.11,0.48
from_west_passenger.0.398,west,passenger,3257.0,196.0,4844.21,0.0,9.14,0.96
from_west_passenger.0.393,west,passenger,3216.0,238.0,4844.21,0.0,9.75,0.87
from_west_passenger.0.397,west,passenger,3248.0,208.0,4844.21,0.0,9.08,0.14
from_west_motorcycle.1.214,west,motorcycle,3210.0,248.0,4846.71,0.0,19.18,0.0
from_west_passenger.0.395,west,passenger,3232.0,226.0,4844.21,0.0,8.91,0.5
from_east_passenger.6.377,east,passenger,3085.0,375.0,7722.22,0.0,14.04,0.76
from_south_passenger.18.256,south,passenger,3352.0,108.0,987.72,0.0,16.55,0.96
from_north_motorcycle.13.137,north,motorcycle,3288.0,174.0,4477.51,0.0,14.53,0.0
from_west_taxi.2.58,west,taxi,3263.0,205.0,4844.21,0.0,11.64,0.5
from_west_motorcycle.1.218,west,motorcycle,3270.0,199.0,4846.71,0.0,19.89,0.0
from_east_motorcycle.7.206,east,motorcycle,3090.0,382.0,7724.72,0.0,26.66,0.0
from_south_motorcycle.19.132,south,motorcycle,3170.0,302.0,5086.65,0.0,29.87,2.0
from_east_motorcycle.7.203,east,motorcycle,3045.0,429.0,8741.3,0.0,29.17,0.0
from_east_motorcycle.7.202,east,motorcycle,3030.0,446.0,7724.72,0.0,34.33,0.0
from_north_passenger.12.241,north,passenger,3155.0,323.0,6818.92,0.0,30.21,0.31
from_north_motorcycle.13.131,north,motorcycle,3144.0,335.0,5513.16,0.0,29.74,0.0
from_south_taxi.20.37,south,taxi,3330.0,152.0,1323.37,0.0,19.24,0.0
from_north_motorcycle.13.139,north,motorcycle,3336.0,147.0,3036.77,1.0,19.97,0.0
from_east_motorcycle.7.201,east,motorcycle,3015.0,470.0,8741.3,0.0,34.86,0.0
from_north_passenger.12.252,north,passenger,3299.0,186.0,4475.01,0.0,12.11,0.32
from_east_passenger.6.380,east,passenger,3109.0,382.0,7722.22,0.0,14.34,0.22
from_west_passenger.0.400,west,passenger,3273.0,218.0,4844.21,0.0,7.67,0.6
from_east_pickup.9.27,east,pickup,3038.0,454.0,8738.3,0.0,19.21,0.5
from_east_taxi.8.55,east,taxi,3095.0,402.0,8738.8,0.0,19.71,1.25
from_east_passenger.6.384,east,passenger,3142.0,355.0,7728.88,5.0,45.91,0.5
from_east_motorcycle.7.209,east,motorcycle,3135.0,363.0,7724.72,0.0,23.55,0.0
from_west_motorcycle.1.216,west,motorcycle,3240.0,259.0,4846.71,0.0,17.93,0.0
from_east_passenger.6.382,east,passenger,3126.0,374.0,7722.22,0.0,15.52,0.86
from_north_passenger.12.248,north,passenger,3247.0,253.0,5510.66,0.0,24.0,0.68
from_west_pickup.3.29,west,pickup,3263.0,237.0,4843.71,0.0,8.3,0.5
from_west_passenger.0.399,west,passenger,3265.0,237.0,4844.21,0.0,11.36,0.78
from_east_passenger.6.391,east,passenger,3199.0,304.0,6668.58,12.0,46.41,0.23
from_east_passenger.6.393,east,passenger,3216.0,287.0,6645.94,0.0,14.39,0.87
from_west_passenger.0.402,west,passenger,3289.0,214.0,4844.21,0.0,12.23,0.24
from_west_motorcycle.1.219,west,motorcycle,3285.0,220.0,4846.71,0.0,13.77,0.0
from_north_motorcycle.13.138,north,motorcycle,3312.0,194.0,4477.51,0.0,17.8,0.0
from_north_motorcycle.13.140,north,motorcycle,3360.0,149.0,4477.51,0.0,13.28,0.0
from_east_passenger.6.379,east,passenger,3101.0,411.0,8738.8,0.0,15.73,0.4
from_south_truck_light.23.9,south,truck_light,3247.0,265.0,4091.29,0.0,24.72,7.0
from_north_passenger.12.249,north,passenger,3260.0,252.0,5482.23,0.0,12.52,0.59
from_south_motorcycle.19.135,south,motorcycle,3240.0,273.0,5086.65,0.0,24.41,0.0
from_south_passenger.18.248,south,passenger,3249.0,265.0,5084.15,0.0,33.34,2.68
from_north_motorcycle.13.136,north,motorcycle,3264.0,250.0,5513.16,0.0,22.88,0.0
from_south_motorcycle.19.136,south,motorcycle,3264.0,250.0,4096.29,1.0,61.26,0.0
from_east_truck_light.11.14,east,truck_light,3153.0,364.0,7719.72,0.0,13.49,3.0
from_north_passenger.12.251,north,passenger,3286.0,231.0,5510.66,0.0,26.58,0.41
from_east_passenger.6.373,east,passenger,3052.0,466.0,8738.8,0.0,19.89,0.49
from_south_passenger.18.246,south,passenger,3221.0,297.0,5084.15,0.0,20.53,0.86
from_east_motorcycle.7.204,east,motorcycle,3060.0,469.0,7724.72,0.0,37.38,0.0
from_west_motorcycle.1.221,west,motorcycle,3315.0,215.0,4846.71,0.0,20.88,0.0
from_east_motorcycle.7.210,east,motorcycle,3150.0,388.0,7724.72,0.0,26.62,0.0
from_west_passenger.0.401,west,passenger,3281.0,259.0,4844.21,0.0,10.67,0.42
from_south_passenger.18.250,south,passenger,3273.0,268.0,5084.15,0.0,16.8,0.5
from_east_passenger.6.389,east,passenger,3183.0,359.0,6645.94,0.0,18.46,0.59
from_west_passenger.0.406,west,passenger,3322.0,220.0,4844.21,0.0,35.7,0.51
from_east_motorcycle.7.214,east,motorcycle,3210.0,333.0,7724.37,0.0,20.9,0.0
from_east_passenger.6.392,east,passenger,3207.0,338.0,7721.87,0.0,18.64,0.05
from_west_motorcycle.1.222,west,motorcycle,3330.0,215.0,4846.71,0.0,15.33,0.0
from_south_motorcycle.19.139,south,motorcycle,3336.0,210.0,3035.99,26.0,55.63,0.0
from_north_passenger.12.245,north,passenger,3208.0,339.0,5510.66,0.0,20.42,0.95
from_north_passenger.12.253,north,passenger,3312.0,235.0,5482.23,0.0,15.05,0.23
from_east_passenger.6.385,east,passenger,3150.0,398.0,7722.22,0.0,21.22,0.31
from_west_passenger.0.410,west,passenger,3355.0,193.0,4844.21,0.0,21.06,0.79
from_east_passenger.6.390,east,passenger,3191.0,358.0,7722.22,0.0,19.46,0.41
from_north_passenger.12.250,north,passenger,3273.0,276.0,5510.66,0.0,15.49,0.5
from_west_taxi.2.59,west,taxi,3319.0,231.0,4844.21,0.0,12.64,0.25
from_west_passenger.0.409,west,passenger,3347.0,204.0,4844.21,0.0,13.08,0.97
from_south_passenger.18.261,south,passenger,3417.0,136.0,1323.37,1.0,14.49,0.51
from_west_motorcycle.1.217,west,motorcycle,3255.0,301.0,4846.71,0.0,23.93,0.0
from_west_passenger.0.403,west,passenger,3297.0,260.0,4844.21,0.0,10.98,0.06
from_north_passenger.12.260,north,passenger,3404.0,154.0,3034.27,0.0,12.48,0.6
from_east_passenger.6.395,east,passenger,3232.0,328.0,7721.87,0.0,16.65,0.5
from_east_passenger.6.394,east,passenger,3224.0,338.0,6645.94,0.0,14.96,0.69
from_east_passenger.6.402,east,passenger,3289.0,275.0,6645.94,0.0,14.01,0.24
from_west_passenger.0.408,west,passenger,3338.0,226.0,4844.21,0.0,11.36,0.15
from_north_motorcycle.13.141,north,motorcycle,3384.0,180.0,4477.51,0.0,15.25,0.0
from_west_passenger.0.404,west,passenger,3306.0,259.0,4844.21,0.0,10.42,0.88
from_west_passenger.0.411,west,passenger,3363.0,203.0,4844.21,0.0,25.47,0.61
from_east_motorcycle.7.211,east,motorcycle,3165.0,402.0,8741.3,0.0,50.65,0.0
from_west_passenger.0.407,west,passenger,3330.0,242.0,4844.21,0.0,13.64,0.33
from_east_pickup.9.28,east,pickup,3155.0,418.0,8738.3,0.0,20.81,5.0
from_east_motorcycle.7.212,east,motorcycle,3180.0,393.0,7724.72,0.0,28.63,0.0
from_west_passenger.0.405,west,passenger,3314.0,260.0,4844.21,0.0,11.41,0.69
from_north_motorcycle.13.142,north,motorcycle,3408.0,167.0,4477.51,0.0,14.32,0.0
from_east_passenger.6.383,east,passenger,3134.0,447.0,8738.8,0.0,21.99,0.68
from_west_motorcycle.1.224,west,motorcycle,3360.0,222.0,4846.71,0.0,18.22,0.0
from_west_motorcycle.1.220,west,motorcycle,3300.0,283.0,4846.71,0.0,22.67,0.0
from_west_pickup.3.30,west,pickup,3375.0,208.0,4843.71,0.0,8.51,0.0
from_west_taxi.2.60,west,taxi,3377.0,207.0,4844.21,0.0,9.83,2.0
from_east_taxi.8.57,east,taxi,3207.0,384.0,7722.22,0.0,21.42,0.75
from_north_taxi.14.37,north,taxi,3330.0,262.0,5510.66,0.0,20.59,0.0
from_east_passenger.6.387,east,passenger,3167.0,426.0,7722.22,0.0,17.55,0.95
from_east_passenger.6.404,east,passenger,3306.0,287.0,6645.94,0.0,16.21,0.88
from_north_passenger.12.256,north,passenger,3352.0,241.0,5482.23,0.0,30.35,0.96
from_west_truck_light.5.15,west,truck_light,3378.0,215.0,4841.71,0.0,4.84,3.0
from_east_passenger.6.381,east,passenger,3117.0,478.0,8738.8,0.0,19.78,0.04
from_east_passenger.6.388,east,passenger,3175.0,420.0,7722.22,0.0,17.76,0.77
from_east_motorcycle.7.213,east,motorcycle,3195.0,401.0,7724.72,0.0,30.01,0.0
from_south_passenger.18.251,south,passenger,3286.0,312.0,5084.15,0.0,20.51,0.41
from_east_taxi.8.56,east,taxi,3156.0,443.0,8738.8,0.0,37.39,6.0
from_north_passenger.12.257,north,passenger,3365.0,234.0,5482.23,0.0,15.16,0.87
from_south_passenger.18.253,south,passenger,3312.0,291.0,5084.15,0.0,25.6,0.23
from_west_passenger.0.416,west,passenger,3404.0,200.0,4844.21,0.0,18.71,0.7
from_north_taxi.14.38,north,taxi,3421.0,183.0,4475.01,0.0,32.5,1.0
from_north_pickup.15.19,north,pickup,3420.0,185.0,4474.51,0.0,28.07,0.0
from_north_passenger.12.263,north,passenger,3443.0,164.0,3034.27,0.0,13.12,0.33
from_west_motorcycle.1.223,west,motorcycle,3345.0,264.0,4846.71,0.0,18.75,0.0
from_east_pickup.9.29,east,pickup,3263.0,347.0,7721.72,0.0,12.38,0.5
from_south_motorcycle.19.145,south,motorcycle,3480.0,130.0,1325.87,0.0,19.67,0.0
from_west_passenger.0.412,west,passenger,3371.0,240.0,4844.21,0.0,9.15,0.43
from_south_passenger.18.254,south,passenger,3325.0,287.0,5084.15,0.0,25.03,0.14
from_east_motorcycle.7.216,east,motorcycle,3240.0,373.0,7724.72,0.0,24.54,0.0
from_east_passenger.6.397,east,passenger,3248.0,365.0,8738.8,0.0,32.04,0.14
from_east_passenger.6.386,east,passenger,3158.0,457.0,8738.8,0.0,24.54,0.13
from_east_passenger.6.400,east,passenger,3273.0,343.0,7721.87,0.0,12.73,0.6
from_north_passenger.12.261,north,passenger,3417.0,199.0,4475.01,0.0,13.15,0.51
from_east_passenger.6.396,east,passenger,3240.0,378.0,7722.22,0.0,15.8,0.32
from_west_motorcycle.1.225,west,motorcycle,3375.0,246.0,4846.71,0.0,18.98,0.0
from_east_passenger.6.399,east,passenger,3265.0,357.0,7722.22,0.0,14.69,0.78
from_west_passenger.0.414,west,passenger,3387.0,238.0,4844.21,0.0,9.03,0.07
from_west_passenger.0.417,west,passenger,3412.0,216.0,4844.21,0.0,9.49,0.52
from_west_passenger.0.415,west,passenger,3396.0,234.0,4844.21,0.0,9.78,0.88
from_west_passenger.0.419,west,passenger,3428.0,202.0,4844.21,0.0,14.75,0.16
from_west_taxi.2.61,west,taxi,3432.0,199.0,4844.21,0.0,9.89,0.75
from_east_motorcycle.7.222,east,motorcycle,3331.0,301.0,6648.44,0.0,21.37,1.0
from_east_motorcycle.7.208,east,motorcycle,3120.0,519.0,8741.3,0.0,38.06,0.0
from_north_passenger.12.255,north,passenger,3338.0,301.0,5482.23,0.0,12.75,0.05
from_south_passenger.18.252,south,passenger,3299.0,341.0,5084.15,0.0,25.1,0.32
from_west_motorcycle.1.228,west,motorcycle,3420.0,221.0,4846.71,0.0,16.57,0.0
from_east_motorcycle.7.217,east,motorcycle,3255.0,387.0,7724.72,0.0,25.53,0.0
from_west_passenger.0.413,west,passenger,3379.0,264.0,4844.21,0.0,10.81,0.25
from_east_taxi.8.58,east,taxi,3263.0,381.0,7722.22,0.0,19.26,0.5
from_west_motorcycle.1.226,west,motorcycle,3390.0,254.0,4846.71,0.0,20.0,0.0
from_east_motorcycle.7.218,east,motorcycle,3270.0,382.0,7724.72,0.0,24.48,0.0
from_west_motorcycle.1.229,west,motorcycle,3435.0,217.0,4846.71,0.0,12.67,0.0
from_north_passenger.12.265,north,passenger,3469.0,185.0,4475.01,0.0,12.77,0.15
from_south_passenger.18.260,south,passenger,3404.0,252.0,5084.15,0.0,39.24,0.6
from_south_motorcycle.19.147,south,motorcycle,3528.0,132.0,1325.87,0.0,20.77,0.0
from_west_motorcycle.1.227,west,motorcycle,3405.0,256.0,4846.71,0.0,19.95,0.0
from_south_passenger.18.255,south,passenger,3338.0,324.0,5084.15,0.0,20.38,0.05
from_west_passenger.0.418,west,passenger,3420.0,243.0,4844.21,0.0,19.68,0.34
from_west_passenger.0.420,west,passenger,3437.0,229.0,4844.21,0.0,8.21,0.98
from_north_passenger.12.259,north,passenger,3391.0,276.0,5482.23,0.0,11.21,0.69
from_east_passenger.6.403,east,passenger,3297.0,373.0,7722.22,0.0,14.53,0.06
from_east_motorcycle.7.225,east,motorcycle,3375.0,295.0,6648.44,0.0,21.13,0.0
from_south_passenger.18.259,south,passenger,3391.0,279.0,5084.15,0.0,23.92,0.69
from_north_passenger.12.266,north,passenger,3482.0,188.0,4475.01,0.0,31.49,0.06
from_north_passenger.12.258,north,passenger,3378.0,294.0,5482.23,0.0,12.8,0.78
from_west_passenger.0.425,west,passenger,3477.0,196.0,4844.21,0.0,15.54,0.07
from_north_passenger.12.269,north,passenger,3522.0,159.0,4475.01,0.0,19.9,0.79
from_north_motorcycle.13.145,north,motorcycle,3480.0,204.0,4477.51,0.0,18.31,0.0
from_south_passenger.18.271,south,passenger,3548.0,139.0,1323.37,0.0,13.7,0.61
from_north_passenger.12.254,north,passenger,3325.0,363.0,2565.92,229.0,252.77,0.14
from_north_passenger.12.268,north,passenger,3509.0,179.0,4475.01,0.0,17.38,0.88
from_north_taxi.14.39,north,taxi,3510.0,179.0,4475.01,0.0,25.23,0.0
from_south_passenger.18.272,south,passenger,3561.0,128.0,1323.37,0.0,25.66,0.52
from_north_motorcycle.13.143,north,motorcycle,3432.0,258.0,5513.16,0.0,30.47,0.0
from_south_motorcycle.19.141,south,motorcycle,3384.0,307.0,5086.65,0.0,27.97,0.0
from_west_motorcycle.1.231,west,motorcycle,3465.0,226.0,4846.71,0.0,15.56,0.0
from_south_motorcycle.19.140,south,motorcycle,3360.0,332.0,5086.65,0.0,32.47,0.0
from_west_passenger.0.424,west,passenger,3469.0,223.0,4844.21,0.0,11.5,0.26
from_east_passenger.6.401,east,passenger,3281.0,412.0,7722.22,0.0,16.86,0.42
from_west_motorcycle.1.232,west,motorcycle,3480.0,213.0,4846.71,0.0,14.09,0.0
from_south_motorcycle.19.148,south,motorcycle,3552.0,141.0,1325.87,6.0,27.93,0.0
from_east_taxi.8.59,east,taxi,3319.0,375.0,7722.22,0.0,20.73,0.25
from_south_pickup.21.19,south,pickup,3420.0,275.0,5083.65,0.0,35.66,0.0
from_west_passenger.0.421,west,passenger,3445.0,250.0,4844.21,0.0,10.76,0.8
from_east_passenger.6.415,east,passenger,3396.0,302.0,6645.94,0.0,16.62,0.88
from_south_passenger.18.262,south,passenger,3430.0,270.0,5084.15,0.0,16.46,0.42
from_north_passenger.12.267,north,passenger,3496.0,204.0,4475.01,0.0,13.96,0.97
from_south_passenger.18.257,south,passenger,3365.0,338.0,987.72,221.0,274.14,0.87
from_west_pickup.3.31,west,pickup,3488.0,217.0,4843.71,0.0,8.0,0.5
from_south_passenger.18.273,south,passenger,3574.0,132.0,1323.37,1.0,13.97,0.43
from_south_passenger.18.264,south,passenger,3456.0,252.0,987.72,155.0,178.0,0.24
from_west_motorcycle.1.230,west,motorcycle,3450.0,262.0,4846.71,0.0,18.86,0.0
from_west_passenger.0.423,west,passenger,3461.0,251.0,4844.21,0.0,10.48,0.44
from_north_passenger.12.271,north,passenger,3548.0,164.0,4475.01,0.0,13.79,0.61
from_west_passenger.0.427,west,passenger,3494.0,219.0,4844.21,0.0,9.89,0.71
from_west_passenger.0.426,west,passenger,3486.0,228.0,4844.21,0.0,11.34,0.89
from_east_motorcycle.7.220,east,motorcycle,3300.0,415.0,8741.3,0.0,28.11,0.0
from_east_motorcycle.7.221,east,motorcycle,3315.0,400.0,8741.3,0.0,27.97,0.0
from_south_motorcycle.19.142,south,motorcycle,3408.0,309.0,5086.65,0.0,29.35,0.0
from_south_motorcycle.19.143,south,motorcycle,3432.0,285.0,5086.65,0.0,30.49,0.0
from_west_passenger.0.428,west,passenger,3502.0,217.0,4844.21,0.0,20.71,0.53
from_east_motorcycle.7.215,east,motorcycle,3225.0,497.0,8741.3,0.0,37.54,0.0
from_east_passenger.6.418,east,passenger,3420.0,302.0,6645.94,0.0,16.66,0.34
from_west_passenger.0.429,west,passenger,3510.0,212.0,4844.21,0.0,7.98,0.35
from_north_passenger.12.270,north,passenger,3535.0,187.0,4475.01,0.0,12.36,0.7
from_west_taxi.2.62,west,taxi,3488.0,235.0,4844.21,0.0,15.26,0.5
from_south_passenger.18.265,south,passenger,3469.0,255.0,5084.15,0.0,17.88,0.15
from_south_passenger.18.266,south,passenger,3482.0,243.0,5084.15,0.0,24.67,0.06
from_east_passenger.6.398,east,passenger,3257.0,471.0,8738.8,0.0,20.99,0.96
from_east_passenger.6.414,east,passenger,3387.0,343.0,7722.22,0.0,18.23,0.07
from_north_passenger.12.273,north,passenger,3574.0,159.0,4475.01,0.0,11.7,0.43
from_east_motorcycle.7.223,east,motorcycle,3345.0,391.0,7724.72,0.0,26.95,0.0
from_south_passenger.18.274,south,passenger,3587.0,149.0,1323.37,0.0,31.07,0.34
from_east_motorcycle.7.224,east,motorcycle,3360.0,377.0,7724.72,0.0,25.22,0.0
from_west_motorcycle.1.234,west,motorcycle,3511.0,227.0,4846.71,0.0,14.8,1.0
from_west_motorcycle.1.233,west,motorcycle,3495.0,244.0,4846.71,0.0,16.6,0.0
from_east_motorcycle.7.230,east,motorcycle,3450.0,292.0,6648.44,0.0,20.52,0.0
from_east_passenger.6.406,east,passenger,3322.0,426.0,8738.8,0.0,16.15,0.51
from_north_motorcycle.13.144,north,motorcycle,3459.0,291.0,5513.16,0.0,26.06,3.0
from_west_motorcycle.1.237,west,motorcycle,3555.0,196.0,4846.71,0.0,10.56,0.0
from_east_truck_light.11.15,east,truck_light,3377.0,375.0,7719.72,0.0,16.31,2.0
from_east_passenger.6.410,east,passenger,3355.0,399.0,7722.22,0.0,17.63,0.79
from_south_motorcycle.19.149,south,motorcycle,3576.0,179.0,1325.87,0.0,31.93,0.0
from_south_motorcycle.19.137,south,motorcycle,3288.0,468.0,3033.18,301.0,323.94,0.0
from_east_bus.10.7,east,bus,3153.0,607.0,5244.99,299.0,339.75,3.0
from_east_motorcycle.7.227,east,motorcycle,3407.0,353.0,6670.16,69.0,101.67,2.0
from_west_passenger.0.422,west,passenger,3453.0,307.0,4844.21,0.0,14.48,0.62
from_east_passenger.6.419,east,passenger,3428.0,334.0,7722.22,0.0,13.56,0.16
from_west_passenger.0.431,west,passenger,3527.0,237.0,4844.21,0.0,9.28,0.99
from_east_passenger.6.405,east,passenger,3314.0,451.0,6667.66,143.0,164.69,0.69
from_east_passenger.6.407,east,passenger,3330.0,437.0,6667.66,133.0,152.74,0.33
from_west_passenger.0.430,west,passenger,3518.0,252.0,4844.21,0.0,11.08,0.17
from_west_taxi.2.63,west,taxi,3544.0,228.0,4844.21,0.0,17.63,0.25
from_north_passenger.12.274,north,passenger,3587.0,187.0,4475.01,0.0,12.9,0.34
from_north_motorcycle.13.146,north,motorcycle,3504.0,273.0,5484.73,0.0,22.21,0.0
from_west_motorcycle.1.236,west,motorcycle,3540.0,237.0,4846.71,0.0,18.03,0.0
from_east_motorcycle.7.219,east,motorcycle,3285.0,494.0,5254.99,146.0,192.24,0.0
from_east_taxi.8.60,east,taxi,3378.0,403.0,7721.87,0.0,23.4,3.0
from_east_pickup.9.30,east,pickup,3377.0,405.0,7721.72,0.0,27.18,2.0
from_south_passenger.18.263,south,passenger,3443.0,339.0,3032.57,163.0,192.64,0.33
from_east_passenger.6.423,east,passenger,3461.0,323.0,5252.49,1.0,35.78,0.44
from_west_passenger.0.435,west,passenger,3559.0,226.0,4844.21,0.0,10.14,0.26
from_east_motorcycle.7.226,east,motorcycle,3390.0,396.0,8741.3,0.0,26.25,0.0
from_north_passenger.12.262,north,passenger,3430.0,356.0,4767.34,146.0,185.6,0.42
from_east_passenger.6.424,east,passenger,3469.0,317.0,6645.94,0.0,16.36,0.26
from_west_passenger.0.433,west,passenger,3543.0,243.0,4844.21,0.0,10.8,0.63
from_east_passenger.6.413,east,passenger,3380.0,408.0,8738.8,0.0,18.83,1.25
from_east_passenger.6.412,east,passenger,3371.0,418.0,6667.66,47.0,70.43,0.43
from_west_passenger.0.432,west,passenger,3535.0,254.0,4844.21,0.0,12.73,0.81
from_south_motorcycle.19.146,south,motorcycle,3504.0,286.0,5086.65,0.0,31.83,0.0
from_north_passenger.12.264,north,passenger,3456.0,340.0,5482.23,0.0,16.21,0.24
from_east_passenger.6.428,east,passenger,3502.0,294.0,6645.94,0.0,15.0,0.53
from_west_motorcycle.1.235,west,motorcycle,3525.0,271.0,4846.71,0.0,20.53,0.0
from_west_motorcycle.1.239,west,motorcycle,3585.0,211.0,4846.71,0.0,12.72,0.0
from_south_taxi.20.39,south,taxi,3511.0,287.0,5084.15,0.0,45.25,1.0
from_east_passenger.6.430,east,passenger,3518.0,280.0,6667.66,0.0,21.71,0.17
from_west_passenger.0.434,west,passenger,3551.0,249.0,4844.21,0.0,10.12,0.45
from_west_passenger.0.436,west,passenger,3567.0,233.0,4844.21,0.0,10.4,0.08
from_north_motorcycle.13.149,north,motorcycle,3576.0,230.0,5513.16,0.0,32.2,0.0
from_east_passenger.6.417,east,passenger,3412.0,395.0,7722.22,0.0,16.27,0.52
from_west_passenger.0.438,west,passenger,3584.0,225.0,4844.21,0.0,9.33,0.72
from_east_passenger.6.411,east,passenger,3363.0,447.0,7722.22,0.0,19.88,0.61
from_east_passenger.6.422,east,passenger,3453.0,357.0,7722.22,0.0,15.32,0.62
from_west_passenger.0.437,west,passenger,3576.0,236.0,4844.21,0.0,8.92,0.9
from_north_passenger.12.272,north,passenger,3561.0,254.0,5482.23,0.0,18.81,0.52
from_west_passenger.0.439,west,passenger,3592.0,224.0,4844.21,0.0,8.61,0.54
from_north_motorcycle.13.147,north,motorcycle,3528.0,290.0,6821.42,0.0,45.45,0.0
from_south_passenger.18.270,south,passenger,3535.0,287.0,5084.15,0.0,19.18,0.7
from_south_passenger.18.269,south,passenger,3522.0,303.0,5084.15,0.0,19.73,0.79
from_east_passenger.6.420,east,passenger,3438.0,391.0,8738.8,0.0,14.41,1.98
from_south_passenger.18.268,south,passenger,3509.0,321.0,5084.15,0.0,19.68,0.88
from_east_taxi.8.61,east,taxi,3432.0,405.0,7722.22,0.0,21.14,0.75
from_north_motorcycle.13.148,north,motorcycle,3552.0,288.0,5484.73,0.0,20.92,0.0
from_east_passenger.6.436,east,passenger,3567.0,276.0,6645.94,0.0,17.08,0.08
from_east_taxi.8.63,east,taxi,3545.0,301.0,6645.94,0.0,17.13,1.25
from_east_taxi.8.62,east,taxi,3488.0,363.0,7721.87,0.0,17.16,0.5
from_east_passenger.6.409,east,passenger,3347.0,508.0,8738.8,0.0,29.31,0.97
from_east_passenger.6.425,east,passenger,3477.0,380.0,7722.22,0.0,19.41,0.07
from_east_motorcycle.7.234,east,motorcycle,3510.0,351.0,7724.37,0.0,23.21,0.0
from_east_passenger.6.408,east,passenger,3338.0,525.0,8738.8,0.0,23.31,0.15
from_south_passenger.18.258,south,passenger,3378.0,487.0,4093.79,221.0,250.2,0.78
from_east_motorcycle.7.235,east,motorcycle,3525.0,340.0,7724.37,0.0,28.12,0.0
from_east_motorcycle.7.233,east,motorcycle,3495.0,371.0,7724.37,0.0,27.88,0.0
from_west_motorcycle.1.238,west,motorcycle,3570.0,296.0,4846.71,0.0,23.23,0.0
from_east_passenger.6.421,east,passenger,3445.0,422.0,7728.88,34.0,78.81,0.8
from_east_motorcycle.7.228,east,motorcycle,3421.0,447.0,7724.72,0.0,34.99,1.0
from_south_motorcycle.19.144,south,motorcycle,3457.0,412.0,4096.29,154.0,204.46,1.0
from_east_passenger.6.426,east,passenger,3486.0,385.0,7721.87,0.0,20.15,0.89
from_east_motorcycle.7.232,east,motorcycle,3480.0,392.0,7724.72,0.0,26.86,0.0
from_east_passenger.6.429,east,passenger,3510.0,363.0,7721.87,0.0,18.19,0.35
from_south_taxi.20.38,south,taxi,3422.0,453.0,4093.79,176.0,210.62,2.0
from_east_passenger.6.433,east,passenger,3543.0,342.0,6645.94,0.0,16.2,0.63
from_east_passenger.6.432,east,passenger,3535.0,376.0,7722.22,0.0,21.05,0.81
from_east_passenger.6.427,east,passenger,3494.0,418.0,8738.8,0.0,15.08,0.71
from_south_passenger.18.267,south,passenger,3496.0,416.0,4093.79,101.0,141.93,0.97
from_east_passenger.6.438,east,passenger,3584.0,330.0,7721.87,0.0,29.38,0.72
from_east_motorcycle.7.229,east,motorcycle,3435.0,488.0,7724.72,0.0,43.22,0.0
from_east_passenger.6.416,east,passenger,3404.0,526.0,7722.22,0.0,27.38,0.7
from_east_pickup.9.31,east,pickup,3488.0,444.0,8738.3,0.0,16.17,0.5
from_east_motorcycle.7.231,east,motorcycle,3465.0,470.0,7724.72,0.0,38.54,0.0
from_east_motorcycle.7.237,east,motorcycle,3555.0,384.0,7724.72,0.0,24.81,0.0
from_east_passenger.6.431,east,passenger,3527.0,416.0,7722.22,0.0,17.58,0.99
from_east_passenger.6.437,east,passenger,3576.0,374.0,7721.87,0.0,16.48,0.9
from_east_passenger.6.435,east,passenger,3559.0,394.0,7722.22,0.0,15.99,0.26
from_east_passenger.6.434,east,passenger,3551.0,407.0,7722.22,0.0,20.5,0.45
from_east_motorcycle.7.236,east,motorcycle,3540.0,420.0,7724.72,0.0,31.39,0.0
from_east_motorcycle.7.238,east,motorcycle,3570.0,402.0,7731.38,0.0,36.34,0.0
from_east_passenger.6.439,east,passenger,3592.0,392.0,7722.22,0.0,16.51,0.54
from_east_motorcycle.7.239,east,motorcycle,3585.0,410.0,7724.72,0.0,28.45,0.0
